78,78,78,78,78,78,78,78,78,79,78,78,77,78,78,78,78,78,78,78,78,78,77,77,78,79,78
78,78,78,78,78,78,78,78,78,79,78,78,77,78,78,78,78,78,77,78,78,77,77,77,77,78,78
77,78,78,77,77,77,78,78,78,77,77,78,78,77,77,77,77,77,77,77,77,77,77,77,77,77,77
79,78,78,79,78,79,79,81,81,80,80,80,80,80,80,80,81,82,80,80,80,80,80,80,81,81,81
80,80,80,81,81,81,81,81,81,82,82,81,82,82,82,82,82,82,82,82,82,82,82,82,82,82,82
82,82,83,83,82,82,82,83,82,82,82,83,82,82,82,82,82,82,83,82,82,82,82,82,83,82,82
83,82,82,82,82,83,82,82,82,82,83,83,82,83,83,83,83,82,83,83,83,82,82,83,83,82,82
82,82,82,82,82,83,82,82,82,82,82,82,82,82,82,82,82,83,82,82,82,83,82,82,83,83,82
83,83,83,83,83,83,83,83,83,83,83,83,83,83,83,83,83,83,83,83,83,83,84,83,83,83,83
83,83,83,83,83,83,83,83,83,83,83,83,83,83,83,83,83,83,84,83,83,83,83,83,83,83,83
84,83,83,83,83,83,83,83,83,83,83,83,83,84,83,83,84,83,83,83,84,84,83,84,83,83,84
80,81,81,81,81,81,82,83,83,83,84,84,84,84,84,84,83,84,84,84,84,84,84,84,84,83,84
84,84,84,83,84,84,84,83,84,84,85,84,84,84,84,84,84,84,84,84,84,84,84,84,84,84,84
84,84,83,84,84,84,83,84,84,84,84,84,84,84,84,84,84,84,84,84,84,84,84,84,85,84,84
84,84,85,84,84,84,84,84,84,84,84,84,84,84,84,84,84,84,84,85,84,84,84,86,84,84,85
85,84,85,84,84,85,85,84,84,84,85,85,85,83,85,85,85,85,85,84,84,86,85,84,84,85,85
85,85,85,84,85,85,85,85,85,85,85,85,85,86,85,85,85,85,85,85,85,85,84,85,85,85,84
85,85,84,85,85,85,84,84,85,85,85,84,85,84,84,85,85,85,85,85,85,85,85,85,85,85,85
85,85,85,85,85,85,86,85,85,85,85,85,85,85,85,85,85,85,84,85,85,85,85,85,85,85,86
85,86,86,86,86,86,85,85,85,86,86,85,86,86,86,86,86,86,86,86,85,85,86,86,86,86,86
86,86,86,86,86,86,85,85,86,85,85,86,86,85,86,86,85,86,86,86,85,86,86,86,86,85,85
86,86,86,85,85,86,86,86,86,86,86,86,86,86,86,86,86,86,85,86,86,86,86,85,86,86,86
86,86,86,86,86,86,86,86,86,86,86,86,86,86,86,86,86,86,86,86,86,86,86,86,86,86,86
86,86,86,86,86,86,86,86,86,86,86,86,86,87,86,86,86,87,87,87,86,86,87,86,86,86,87
86,86,86,86,86,86,87,86,87,87,87,87,86,86,87,87,86,87,87,87,87,86,86,86,87,86,87
87,87,86,86,86,86,87,87,87,86,86,86,86,86,86,87,87,87,86,86,87,87,87,87,86,87,87
87,86,86,87,87,86,86,87,87,87,87,87,86,87,87,86,86,87,86,87,86,86,82,82,83,83,83
85,85,86,86,86,85,86,85,85,86,85,86,86,86,85,86,86,87,85,86,86,86,86,86,86,86,86
86,85,87,87,86,86,86,85,86,87,86,86,86,86,86,86,86,85,87,87,87,86,86,86,86,86,85
86,87,86,86,86,87,86,86,87,86,86,86,86,86,86,86,86,86,87,87,86,86,87,86,86,86,86
86,87,87,86,86,87,87,86,86,86,87,86,86,87,86,86,86,86,86,86,87,87,86,86,86,87,86
86,86,86,86,86,86,86,86,86,86,87,86,86,87,87,86,86,87,86,87,86,86,87,87,88,86,87
87,87,87,87,87,86,86,87,87,87,86,86,87,87,87,87,86,87,87,87,87,87,87,87,87,86,87
87,87,86,86,87,88,87,87,87,87,87,86,87,86,86,87,87,87,87,87,87,87,86,86,85,87,87
86,86,87,86,86,86,86,86,86,86,86,86,86,86,86,86,86,86,87,86,86,86,86,87,87,87,87
87,86,87,87,86,86,86,87,87,86,86,86,86,87,87,86,87,87,87,86,86,86,86,88,88,88,88
88,88,88,88,89,88,88,88,88,88,89,89,88,89,88,88,88,88,89,88,88,88,88,88,88,88,88
88,88,88,88,88,88,87,88,87,87,87,87,87,88,88,88,87,87,88,88,87,88,87,88,87,88,88
87,87,88,88,87,87,88,87,87,88,88,88,87,88,88,87,88,88,88,88,88,88,88,88,88,88,88
88,88,88,88,87,88,88,88,87,88,88,88,87,88,88,88,88,88,88,88,88,88,88,88,88,88,88
88,88,88,88,88,88,88,88,88,88,88,88,88,88,88,88,88,88,88,87,87,88,88,88,87,88,88
88,88,88,88,88,88,88,88,88,88,88,88,88,88,88,88,88,88,88,88,88,88,88,88,88,88,88
88,88,88,88,88,88,88,88,88,88,88,88,88,88,88,88,88,88,88,88,88,88,88,88,89,88,88
88,88,88,88,88,88,88,88,88,88,88,88,88,88,88,86,85,85,85,85,86,86,87,87,87,87,87
88,88,88,88,88,88,88,88,88,88,89,88,88,89,88,89,88,88,88,88,88,88,88,88,88,88,88
88,88,88,88,88,88,89,88,88,88,88,88,88,89,88,88,89,89,89,89,89,88,89,89,88,89,89
89,89,89,89,88,88,89,89,88,88,89,89,89,89,88,89,89,89,88,88,89,89,89,89,89,89,89
89,88,88,89,89,89,88,88,89,88,88,89,89,88,89,89,89,89,89,88,89,89,88,89,89,88,89
89,89,89,89,89,88,88,88,89,89,89,88,89,88,89,89,88,88,89,88,89,89,89,89,89,88,88
88,89,89,89,89,89,90,89,89,89,89,89,89,89,88,89,88,89,89,89,88,88,89,88,88,89,89
88,88,89,89,89,89,88,88,88,89,89,89,88,89,89,89,89,89,89,89,89,89,89,89,89,89,88
88,88,89,89,88,88,89,89,89,89,88,89,88,89,89,88,90,89,88,89,89,89,90,90,90,89,90
89,89,89,90,90,89,89,90,90,90,89,90,90,90,90,90,90,90,89,90,90,90,90,90,90,90,90
90,90,90,90,90,90,90,90,90,90,90,90,90,90,90,89,90,90,90,90,90,90,90,90,90,90,90
90,90,90,90,90,90,90,90,90,90,90,90,89,90,90,90,89,90,90,90,90,90,89,89,90,90,90
90,90,90,90,90,90,90,90,90,90,90,90,90,90,90,90,90,90,90,90,90,90,90,90,90,90,90
90,90,90,90,90,90,90,90,90,90,90,90,90,90,90,90,90,90,90,90,90,90,90,90,90,90,90
90,90,90,90,90,90,90,90,90,90,90,90,90,90,90,90,90,90,90,90,90,90,90,90,90,90,90
91,90,90,90,90,90,90,90,90,91,90,91,90,90,90,90,90,90,90,90,90,90,90,91,90,90,90
90,90,90,91,90,90,90,90,88,86,87,86,87,87,88,88,89,88,89,90,89,90,90,89,89,90,90
90,89,91,90,90,89,89,90,90,90,90,89,90,91,91,90,89,90,90,90,90,90,90,89,90,90,90
90,91,90,90,90,90,90,89,89,90,90,90,89,90,90,89,90,90,90,90,90,90,90,89,90,90,90
90,89,90,90,90,89,89,90,90,90,90,90,90,90,91,90,90,90,90,91,91,91,90,91,90,90,91
90,90,90,90,90,90,90,90,89,89,90,90,90,90,90,91,91,90,90,90,90,91,90,90,91,91,91
90,91,91,91,91,90,89,90,90,91,91,91,90,90,90,90,91,91,91,90,90,90,90,91,91,91,91
91,91,91,90,90,91,91,91,90,90,90,91,90,90,90,91,90,91,91,91,90,90,90,90,91,91,90
90,91,90,91,90,90,90,91,91,90,90,90,91,90,91,90,91,90,90,90,91,91,90,91,91,91,91
90,90,90,90,91,90,90,91,91,90,91,91,90,90,90,90,91,91,91,91,91,91,91,91,91,91,91
91,92,91,92,92,92,91,91,91,92,91,91,91,91,91,91,91,91,91,91,91,91,90,91,90,90,90
91,90,91,90,90,91,91,90,90,91,91,91,91,91,91,91,91,91,91,91,91,92,91,91,91,91,91
91,91,92,92,92,91,91,91,92,92,91,91,91,91,92,92,92,92,92,92,91,91,91,92,92,91,91
92,92,91,91,91,92,91,91,91,92,92,92,92,91,91,92,92,91,91,91,92,92,92,91,91,91,91
91,91,91,91,91,92,91,91,91,92,92,92,92,92,92,91,91,91,91,92,91,92,92,92,92,91,91
92,92,92,91,92,92,92,91,91,92,92,92,92,92,92,92,92,92,92,91,92,92,91,92,92,92,91
92,92,92,92,92,92,92,92,92,92,92,92,92,91,92,92,92,91,91,91,92,92,91,92,92,92,91
91,91,92,92,91,91,92,92,92,92,92,92,92,92,91,91,92,92,91,92,92,92,92,90,87,86,86
89,89,89,89,90,89,90,89,89,90,89,90,90,90,90,90,90,89,90,89,90,90,90,89,90,90,90
90,90,90,90,90,90,90,90,91,90,90,90,91,91,90,91,91,90,90,90,91,91,90,91,90,91,91
91,91,91,91,90,91,90,91,90,90,91,91,90,90,91,91,91,90,91,90,91,90,91,91,91,91,90
91,91,90,90,91,91,91,91,91,90,91,91,90,90,91,91,91,91,91,91,91,90,91,91,91,90,91
91,91,91,91,91,90,91,91,91,91,91,91,91,91,91,91,91,91,91,91,91,91,91,91,91,92,91
91,91,91,91,91,91,91,92,91,91,91,92,91,91,91,91,91,91,92,91,90,91,92,91,91,91,91
91,91,91,91,91,91,91,91,91,90,91,91,91,90,90,91,91,91,91,91,92,91,91,91,91,91,91
91,91,91,91,91,91,91,91,91,91,91,91,91,91,91,91,90,91,91,91,90,91,90,91,91,91,91
92,92,92,92,92,92,92,92,92,92,92,92,92,92,92,92,93,92,92,92,92,93,92,93,93,93,92
92,92,92,92,92,92,93,93,92,92,92,92,92,93,93,93,92,92,92,93,93,92,92,92,93,92,92
93,92,92,92,93,93,92,92,92,92,93,93,92,92,92,92,92,92,92,92,92,92,92,92,92,92,92
92,93,92,93,93,93,92,93,93,93,93,93,92,92,93,93,92,93,93,93,92,92,92,93,93,92,92
92,93,93,92,92,92,92,92,92,92,92,92,92,92,92,92,92,92,92,92,92,92,92,92,92,92,92
92,92,92,92,92,93,92,92,92,93,93,93,93,92,92,92,92,92,92,93,93,92,92,92,92,92,92
92,92,92,92,91,92,92,92,92,92,92,92,92,92,92,92,93,92,92,92,93,93,92,92,92,92,92
92,92,92,92,92,92,91,92,92,92,92,91,92,92,92,92,88,89,88,89,90,90,90,90,90,91,91
91,92,91,92,92,92,91,91,91,91,92,92,92,92,92,92,91,92,92,92,92,91,92,92,93,92,92
92,92,91,92,92,92,92,93,92,92,92,92,92,92,92,92,92,93,92,92,91,92,92,92,92,92,92
92,92,92,92,92,93,92,91,92,92,92,92,92,92,92,93,92,92,92,92,92,92,92,92,93,92,92
92,93,92,92,92,92,92,91,93,92,92,92,92,92,92,92,92,92,93,92,92,92,93,92,92,92,92
92,92,93,93,92,92,93,92,92,93,92,92,92,93,92,92,93,92,92,92,92,93,93,93,92,93,92
92,92,93,93,92,92,92,92,92,93,93,92,92,93,92,92,92,92,92,93,92,92,92,93,92,92,92
92,92,92,92,92,92,93,93,93,92,92,93,93,93,92,92,93,93,93,92,92,92,92,93,92,93,93
93,92,93,93,93,93,92,92,92,92,92,93,92,93,93,92,92,92,93,92,92,92,92,93,93,92,93
93,93,93,93,93,93,93,92,93,93,93,93,93,93,93,93,93,93,93,93,93,93,93,93,93,93,93
93,93,93,93,93,93,93,93,93,93,93,92,92,93,93,92,92,93,93,93,92,92,92,93,92,93,93
92,93,93,93,92,92,92,93,93,93,92,92,92,93,93,93,93,93,93,93,93,93,93,93,93,93,93
93,93,93,93,93,93,93,93,93,93,93,93,93,93,93,93,93,93,93,93,93,93,93,93,93,93,93
93,93,93,93,93,93,93,93,93,93,93,93,92,93,93,93,92,92,92,93,92,92,93,93,93,92,92
93,92,92,92,93,93,93,93,93,93,93,93,93,93,93,93,93,93,92,93,93,93,93,93,93,93,93
93,93,93,93,93,93,93,93,93,93,93,93,93,93,93,92,93,93,93,93,93,93,93,93,93,93,93
93,93,93,93,93,93,93,93,93,93,93,93,93,94,93,93,93,93,93,93,80,94,93,93,93,93,93
94,88,89,89,89,89,90,90,90,91,91,92,93,92,91,92,92,92,92,92,93,92,92,92,92,92,92
93,93,92,93,92,92,93,93,93,92,92,92,92,92,93,93,93,92,93,93,93,93,92,92,93,93,93
92,93,93,92,92,93,93,93,92,92,93,93,93,93,93,93,93,93,93,93,93,93,93,93,93,93,93
92,93,93,92,93,93,93,93,93,93,93,93,93,92,92,92,93,93,93,93,93,93,93,92,93,94,93
92,93,93,93,93,93,93,93,93,93,93,92,92,93,93,93,93,93,93,93,92,93,94,93,93,93,93
93,93,93,93,92,92,93,93,92,93,93,93,93,93,93,92,93,92,92,93,93,93,93,93,93,93,93
93,92,92,93,93,93,93,93,93,93,93,93,93,93,93,92,93,94,93,93,93,93,93,93,93,93,94
93,93,93,93,93,93,93,93,93,93,92,93,93,93,93,93,93,93,93,93,93,93,93,93,94,92,93
93,93,92,93,93,93,93,93,93,93,93,93,93,93,93,93,93,93,93,93,93,93,93,94,92,92,92
93,93,93,93,93,93,93,93,93,93,93,93,93,93,93,93,93,93,93,93,93,93,93,93,93,94,93
93,93,93,93,93,93,93,93,93,93,93,93,93,93,93,93,93,93,93,93,93,93,93,93,93,93,93
93,93,93,93,93,93,93,93,93,93,93,93,93,93,93,93,93,93,93,93,93,93,93,93,93,93,94
93,93,93,94,93,93,93,93,93,93,93,93,93,93,93,93,93,93,93,93,93,93,93,93,93,93,93
93,93,93,93,93,93,93,93,93,93,93,93,93,93,93,93,93,94,93,94,93,93,93,93,93,93,93
93,93,93,93,93,93,93,93,93,93,93,93,93,93,93,93,93,93,93,93,93,93,93,93,93,93,93
93,93,93,93,94,93,93,93,93,93,93,94,93,93,94,93,93,93,93,93,94,93,93,93,93,93,93
94,94,93,93,93,93,93,94,93,89,89,89,89,90,90,90,91,92,91,91,93,92,93,93,93,92,92
92,92,92,92,92,92,92,93,93,92,92,93,92,92,92,92,93,93,92,93,93,92,92,92,93,92,93
92,92,92,93,93,93,92,92,92,92,92,92,92,92,93,92,92,92,92,92,92,92,92,93,93,92,92
93,93,93,93,92,92,92,92,93,92,92,93,93,93,93,92,92,93,92,92,93,93,92,92,93,92,93
93,93,92,92,93,92,92,93,93,93,93,93,92,92,93,93,93,92,93,93,93,93,92,93,93,93,93
93,93,93,93,93,93,92,92,93,93,92,93,93,93,93,94,92,93,93,92,93,93,92,93,93,93,93
93,93,93,92,92,92,92,93,93,93,93,93,93,92,92,93,92,93,93,93,93,93,93,93,93,92,93
92,93,93,93,93,93,93,92,93,93,92,92,92,93,92,92,93,92,93,93,92,92,93,92,92,93,93
92,93,93,93,92,93,93,92,93,92,93,93,93,92,92,92,92,92,92,92,92,93,92,92,92,93,93
92,93,93,92,92,92,93,93,92,92,93,93,93,93,93,93,93,92,92,93,93,92,92,93,93,92,92
93,93,93,92,93,93,93,93,93,93,93,93,93,93,93,93,93,93,93,93,93,93,93,93,93,93,93
93,93,93,93,93,92,92,92,92,93,93,93,92,92,93,93,92,92,93,93,92,92,93,92,93,93,92
93,93,93,92,93,93,93,93,93,92,92,93,93,93,92,92,93,93,92,93,92,92,92,92,92,92,92
93,93,93,92,92,92,93,93,92,92,93,93,93,93,92,92,93,92,92,93,93,93,92,93,93,93,93
92,93,93,93,93,93,93,93,93,92,93,93,93,92,92,92,93,93,92,92,93,93,93,93,92,92,93
92,92,93,92,92,93,93,92,92,92,93,92,92,93,93,93,93,93,93,93,93,93,92,93,93,93,93
93,93,93,93,93,88,89,88,89,90,89,90,90,91,91,91,91,92,92,92,92,92,92,92,92,91,92
92,92,92,92,91,92,92,92,92,92,92,93,93,92,92,93,92,93,93,93,92,93,93,92,92,92,93
92,93,93,93,93,92,92,92,93,93,93,92,92,93,92,92,92,93,93,92,92,92,92,92,92,92,92
92,92,91,92,92,92,92,92,92,92,92,92,92,92,91,92,93,92,92,92,92,92,93,92,92,92,92
92,93,93,93,92,92,93,92,92,92,92,92,91,92,92,92,91,91,93,93,92,91,92,92,92,92,91
92,92,92,92,92,92,92,91,92,92,92,91,92,92,91,92,92,92,92,93,92,92,92,92,93,92,92
92,92,92,92,92,92,92,92,92,92,91,92,93,92,92,93,92,91,92,92,92,93,93,92,91,93,92
92,92,92,92,92,92,92,92,92,92,93,92,91,92,93,92,92,92,92,92,92,91,91,92,92,92,92
92,92,93,93,92,92,92,93,93,92,92,90,93,93,92,92,93,93,92,93,93,93,93,93,93,93,93
92,93,93,93,93,93,92,93,93,93,92,92,92,93,93,92,93,93,92,92,93,93,93,93,93,93,93
92,93,93,93,93,92,92,92,93,92,92,92,93,93,92,92,92,92,93,92,92,92,92,92,92,93,93
92,92,92,93,92,92,92,92,92,93,92,92,92,92,92,92,92,92,92,92,92,92,92,92,92,92,92
93,92,92,92,92,92,92,92,93,93,92,92,92,92,92,92,92,92,93,92,92,92,92,92,92,92,93
92,92,92,92,92,92,92,92,92,92,92,93,93,92,92,93,93,92,92,92,92,92,92,92,92,93,92
93,92,93,93,93,93,93,92,92,93,93,93,93,93,94,93,93,93,93,93,93,93,93,93,93,93,93
94,93,93,94,93,93,93,93,94,93,93,94,94,94,94,94,89,89,89,89,89,91,91,90,91,92,92
92,92,92,92,92,93,92,92,92,93,93,92,92,93,92,92,93,93,92,93,92,92,92,93,92,92,93
92,92,93,93,92,92,92,93,92,92,92,93,93,93,93,93,93,93,93,92,93,93,93,93,93,92,92
93,93,93,92,93,93,92,92,93,93,92,92,92,93,92,92,93,93,93,93,92,93,93,93,93,92,93
92,92,93,94,92,93,93,93,93,93,93,93,93,93,93,93,93,93,93,93,93,93,92,93,92,92,93
93,92,93,93,93,93,93,92,93,93,93,93,93,93,93,93,93,93,93,93,93,93,92,93,93,92,93
93,93,93,93,93,93,93,93,93,93,93,93,94,92,93,93,92,93,93,93,92,93,93,92,93,93,93
93,93,93,92,93,93,94,93,93,94,93,92,92,93,93,92,94,93,93,93,93,93,93,93,93,93,93
92,92,93,92,92,93,93,93,93,93,93,93,93,93,93,93,93,93,93,93,93,93,93,93,93,93,93
93,93,94,93,93,93,93,93,93,93,93,93,93,93,93,93,93,93,93,93,93,93,94,93,93,93,93
93,93,93,93,93,93,93,93,93,93,93,93,93,93,93,93,93,93,93,93,93,92,92,92,92,93,92
92,92,93,93,92,93,93,93,92,93,92,92,93,92,92,92,93,93,93,93,92,93,92,92,93,93,92
93,93,92,92,93,92,92,93,93,92,92,92,93,92,92,92,92,92,92,92,92,92,93,93,93,92,92
93,93,93,92,93,93,93,92,92,92,93,93,93,92,93,93,93,93,93,93,93,93,93,93,93,93,93
93,93,93,93,93,92,93,93,93,93,93,92,92,93,93,93,93,93,93,93,93,93,93,93,93,92,93
93,93,93,93,93,93,93,93,93,92,93,93,93,93,93,93,93,93,93,92,93,93,93,92,92,93,93
93,93,93,89,89,89,89,89,90,89,90,91,92,91,91,91,91,92,92,91,91,92,92,91,91,92,92
91,92,92,91,91,92,92,91,91,92,93,91,91,92,92,91,92,92,92,92,92,91,91,92,92,92,92
92,91,92,93,92,91,91,92,93,92,92,92,92,91,92,92,91,92,92,92,92,91,92,92,92,91,92
92,92,92,91,92,92,92,92,92,92,92,92,92,92,92,92,92,92,92,92,92,92,91,91,91,92,91
91,91,92,92,92,92,92,92,92,91,92,92,92,92,92,92,93,92,92,92,92,92,92,92,93,92,92
92,92,92,92,92,92,92,93,93,92,92,92,92,92,93,92,92,92,93,92,91,92,92,92,92,92,92
92,92,92,91,92,93,93,92,92,92,92,92,91,92,92,91,92,91,92,92,92,92,92,92,92,92,92
91,91,92,93,92,92,92,92,92,92,92,93,92,91,92,92,92,92,92,92,92,92,93,92,92,92,92
92,93,92,92,92,92,92,92,92,92,93,92,92,92,92,92,92,92,92,92,93,92,92,92,93,92,92
92,93,92,92,93,93,93,93,93,92,92,92,93,92,92,92,93,92,92,92,93,93,92,92,93,93,92
93,93,93,93,92,92,92,92,93,93,92,93,93,93,92,92,92,93,93,93,92,93,93,93,92,93,93
93,92,93,93,93,93,92,92,92,93,93,93,93,93,93,93,93,92,92,92,93,93,93,93,93,93,93
93,93,93,93,93,92,93,92,93,93,93,92,93,93,93,93,93,93,93,93,93,93,93,93,93,93,93
93,93,93,93,93,93,93,93,93,93,93,93,93,93,93,93,93,93,93,93,93,94,93,93,93,93,93
93,92,93,92,93,93,93,92,93,93,93,93,92,93,92,93,93,93,93,93,93,93,93,93,93,93,93
92,93,93,93,93,93,93,93,93,92,88,90,90,89,90,90,92,91,91,91,92,92,92,92,92,93,92
92,92,93,93,92,92,93,93,92,92,93,93,92,92,93,93,93,93,92,92,93,92,92,92,93,93,92
93,92,92,92,93,92,91,92,93,93,92,92,93,93,92,93,92,92,93,93,92,93,93,93,92,93,92
92,93,94,92,93,93,93,93,92,93,94,93,93,93,93,92,93,93,92,93,93,93,93,93,92,93,92
93,92,93,92,93,92,92,93,93,93,92,93,93,92,93,93,92,93,93,93,93,93,93,92,93,93,93
93,93,92,92,93,93,93,93,92,93,93,93,93,93,93,93,93,92,92,93,93,93,93,93,93,93,92
93,93,93,94,94,93,93,93,93,92,93,93,93,92,93,93,92,93,93,93,93,92,93,94,93,92,93
94,93,92,93,93,93,93,93,93,93,93,93,93,93,93,93,93,93,93,93,93,93,93,93,94,93,93
94,94,93,93,93,93,93,93,94,93,93,93,93,94,94,93,93,94,93,93,94,94,94,94,94,93,93
93,93,94,93,93,93,94,93,93,93,94,94,94,93,93,93,93,93,94,94,93,93,94,93,93,94,94
94,93,93,93,93,94,94,94,93,93,94,94,94,92,92,92,92,92,93,93,93,93,93,93,92,92,92
93,93,93,93,94,94,93,93,93,94,93,93,93,93,94,93,93,93,93,93,94,93,93,93,93,93,93
94,93,94,93,93,93,93,93,94,95,93,93,94,93,93,94,93,93,95,94,93,93,94,93,93,94,94
95,94,94,93,93,94,94,93,94,94,95,94,93,94,94,94,94,95,93,93,94,93,94,94,93,93,93
94,93,94,94,93,93,93,94,94,94,93,94,93,94,94,93,94,94,93,94,94,93,94,94,93,93,94
95,93,94,94,94,94,93,93,94,93,93,94,93,93,94,94,93,94,94,93,94,94,93,93,93,93,93
90,90,90,90,91,91,91,92,92,92,93,92,92,92,93,93,92,93,94,93,93,93,92,92,93,92,92
92,92,92,92,93,93,92,92,93,93,92,92,93,93,93,93,93,92,93,93,93,93,93,93,92,93,93
93,93,93,93,92,92,93,93,92,92,93,93,93,93,93,92,92,94,93,92,93,93,93,93,93,93,93
93,93,93,93,93,93,92,94,93,93,93,93,94,93,93,93,93,93,93,93,93,93,93,93,93,93,93
93,93,94,93,93,93,93,93,93,93,94,93,92,94,94,93,94,93,93,93,93,93,93,93,93,93,93
94,93,93,93,93,93,93,94,93,93,93,93,93,92,93,93,93,94,94,93,93,93,93,93,93,93,93
93,93,94,93,93,93,93,93,92,93,93,93,92,94,93,93,93,93,93,93,93,93,93,93,93,93,93
93,93,93,94,93,93,93,93,93,93,93,94,93,93,93,94,93,93,93,93,93,93,93,94,96,95,95
94,94,94,94,95,94,93,94,94,94,93,94,94,94,94,94,93,93,94,94,93,94,94,95,93,93,93
94,94,93,93,93,94,94,93,93,94,95,93,93,94,94,93,95,93,93,93,94,93,93,94,93,93,93
93,93,94,93,93,93,93,94,94,93,93,94,93,93,94,94,93,94,93,93,94,94,93,93,93,93,93
94,93,93,93,94,93,93,93,94,94,96,93,93,93,93,94,93,94,94,94,95,94,95,94,95,94,94
94,93,94,95,94,95,95,95,95,95,94,94,94,94,95,95,94,94,94,95,94,94,94,94,94,94,94
95,93,93,93,95,95,94,94,94,94,95,94,95,94,94,94,94,93,94,95,95,94,94,94,94,94,94
94,94,94,93,93,94,95,93,94,94,95,95,94,94,94,94,94,94,94,94,95,94,95,94,94,94,94
95,94,93,94,95,94,94,94,94,94,94,95,95,94,90,90,91,91,91,91,92,93,92,93,93,93,93
93,94,95,94,94,94,93,93,93,93,94,93,93,94,94,94,94,93,94,94,93,94,94,94,93,94,93
94,94,94,94,94,94,94,94,94,94,94,94,95,94,94,94,94,94,94,94,94,94,94,95,94,94,94
94,94,93,93,94,94,94,94,94,94,94,95,94,94,94,94,94,94,95,94,94,95,94,94,94,95,94
94,94,94,94,94,94,94,93,94,95,94,94,94,94,94,95,94,93,94,94,93,93,94,94,94,94,94
93,94,95,94,93,93,94,94,94,93,94,94,94,95,94,94,94,94,93,93,94,94,94,94,94,94,94
94,93,93,94,95,94,94,94,95,94,94,94,94,93,94,94,94,94,94,94,94,94,94,94,94,94,95
94,94,95,94,94,94,94,94,94,95,95,94,94,94,94,94,94,94,94,95,94,94,94,94,94,94,94
94,94,94,94,94,93,94,94,93,94,94,95,95,93,94,95,94,93,94,94,94,94,94,95,95,95,94
94,94,94,94,94,95,95,93,94,95,95,94,93,94,94,94,94,94,94,95,95,94,95,94,95,94,94
94,94,94,95,93,94,94,94,94,94,95,95,94,94,94,95,94,95,95,95,95,94,95,95,94,95,95
95,95,95,95,94,94,94,94,95,95,94,94,95,95,95,94,95,95,94,95,95,95,94,95,95,94,95
94,95,94,94,94,94,95,95,95,94,94,94,95,94,94,95,95,95,94,95,95,95,95,94,93,95,95
95,95,95,95,94,94,94,95,93,94,95,95,95,95,94,95,95,95,95,95,95,94,94,95,95,95,94
95,95,94,94,95,95,95,95,95,95,95,95,95,95,95,95,94,94,95,95,94,94,95,95,95,95,95
95,95,95,95,95,95,95,95,95,95,94,94,95,94,94,94,95,93,94,94,95,95,94,94,95,93,90
92,93,94,93,93,94,94,94,94,94,94,94,94,94,94,93,94,94,94,94,93,94,94,94,93,94,94
94,94,94,94,94,95,94,94,94,94,94,94,94,94,94,94,94,95,94,94,95,94,93,94,94,94,94
93,94,94,94,94,94,94,94,94,94,94,94,94,94,94,95,93,94,95,95,94,94,95,94,94,94,94
94,94,94,93,94,95,95,94,94,94,95,94,94,94,94,93,95,94,94,94,94,94,94,94,94,94,94
94,94,94,94,94,94,94,95,94,94,94,94,95,93,95,95,95,94,94,94,94,94,94,94,94,94,95
94,94,94,94,95,95,94,94,94,95,94,94,94,94,94,94,94,94,94,94,94,94,94,94,94,94,94
94,94,95,94,94,94,94,94,94,94,94,94,94,94,94,94,95,94,94,94,94,94,95,94,94,95,94
95,93,93,94,94,94,94,94,94,94,94,94,94,94,94,94,95,94,93,94,94,94,94,94,95,94,94
95,95,95,95,95,95,95,95,95,95,95,95,95,95,95,95,95,94,95,95,95,95,95,95,95,95,95
94,95,94,95,95,95,95,95,95,95,95,95,94,95,95,95,95,95,95,95,95,95,95,95,95,95,95
95,95,94,95,95,95,94,94,95,95,95,94,95,95,95,95,95,95,95,94,95,95,95,95,95,95,95
95,95,95,95,95,94,95,95,95,95,93,94,95,95,95,95,95,95,95,95,95,95,95,95,95,95,94
94,95,95,95,94,94,95,95,94,95,95,95,94,95,95,95,95,95,95,95,95,95,95,95,95,95,95
94,94,95,95,95,94,95,95,95,95,95,95,95,95,95,95,95,95,95,95,95,94,94,94,94,95,95
94,95,95,95,95,95,94,95,95,95,93,94,95,94,94,95,95,95,94,94,95,95,95,94,94,95,95
95,95,95,94,94,95,95,95,95,95,95,95,95,95,95,95,95,94,95,95,95,94,95,95,95,88,89
91,91,91,92,92,91,91,91,92,92,92,92,91,92,92,92,92,92,92,93,92,92,92,92,92,92,92
93,92,92,92,92,92,93,92,92,92,92,94,93,92,92,93,93,92,92,92,93,93,92,92,92,93,92
93,92,93,92,92,93,93,93,92,93,93,92,93,93,93,92,92,92,93,93,93,93,92,92,93,92,92
93,92,93,92,92,93,93,92,92,93,92,92,93,92,93,92,93,92,93,92,93,93,92,93,93,93,93
93,92,93,92,92,93,92,92,93,93,93,93,92,93,93,92,92,92,92,93,93,93,92,93,92,93,93
92,93,93,93,91,92,93,93,93,93,92,92,93,93,92,92,92,93,93,92,93,93,93,92,93,92,93
92,93,93,92,92,92,93,93,92,93,92,93,92,93,92,92,93,93,93,93,94,93,93,93,93,93,93
92,93,93,93,92,93,92,93,92,93,92,93,93,93,92,93,93,92,93,92,93,92,93,93,95,93,93
93,93,93,93,93,93,93,93,93,93,93,94,93,93,93,93,93,93,94,93,94,93,93,93,94,93,93
93,93,93,93,93,93,93,93,93,94,93,93,93,94,94,93,93,93,93,93,93,93,93,93,93,93,93
93,93,93,93,93,93,93,93,94,93,93,93,93,93,93,93,93,93,93,94,93,93,93,94,93,93,93
93,94,94,93,93,93,93,93,93,94,93,93,93,94,93,93,94,93,93,94,93,93,94,94,93,93,94
93,93,93,93,93,93,93,93,93,93,93,93,93,93,93,93,93,93,93,93,93,94,93,92,92,92,93
93,93,93,93,93,93,93,93,93,93,93,93,93,93,93,93,93,93,93,94,93,93,93,93,92,93,93
94,94,94,93,93,93,93,93,93,93,93,93,93,93,93,92,93,93,93,93,93,93,93,93,93,93,93
93,93,93,93,93,93,93,93,93,93,93,93,93,93,93,93,93,93,93,93,93,93,93,93,93,93,93
91,92,93,93,94,93,93,93,93,93,94,94,94,93,93,93,94,94,94,94,94,95,94,94,94,94,94
94,94,93,94,94,94,93,93,94,94,94,93,93,94,94,94,94,94,94,93,94,94,94,93,94,94,94
94,94,94,94,94,94,94,94,93,93,94,94,94,94,95,94,94,95,94,93,94,95,94,94,94,94,93
94,94,94,94,94,94,94,94,94,94,94,94,94,94,94,94,94,93,93,94,94,93,94,94,94,94,94
94,94,94,94,94,93,94,94,94,93,94,94,94,94,95,94,94,94,95,94,94,95,94,94,95,94,94
95,95,94,94,95,94,94,95,94,94,94,94,94,94,93,94,94,94,94,94,94,94,95,94,94,95,94
94,94,95,94,94,95,95,94,93,94,94,94,93,94,94,94,94,94,94,94,94,94,94,94,94,94,94
94,93,94,95,94,94,93,94,94,93,93,94,93,94,95,95,93,93,93,93,94,93,94,94,93,94,94
93,94,93,94,93,94,94,94,93,94,94,94,93,94,94,93,94,94,94,93,94,94,93,94,94,93,94
94,93,93,94,94,94,93,94,94,93,93,94,95,93,94,94,93,94,94,93,93,94,94,93,94,93,94
94,94,93,93,94,94,93,93,94,94,94,93,94,94,93,94,95,95,93,94,94,93,94,93,94,93,93
93,94,94,93,93,93,94,93,93,93,94,94,93,93,93,93,93,93,93,93,94,94,94,93,93,94,93
93,93,93,93,94,93,93,93,94,94,94,94,93,94,94,94,94,94,93,93,94,93,93,94,94,93,94
94,94,94,93,94,94,94,93,95,94,93,94,94,94,94,94,94,94,94,93,94,94,93,93,94,93,93
94,94,95,94,94,94,94,95,94,94,94,94,94,93,94,94,94,94,94,95,94,95,95,94,93,94,94
90,90,90,91,91,90,92,92,92,93,93,92,93,93,93,93,93,93,93,93,94,94,94,94,94,93,93
93,93,93,94,93,94,94,94,93,93,94,94,93,94,94,94,94,93,94,94,94,94,94,93,94,94,93
94,93,93,95,93,93,93,94,94,93,93,93,93,93,94,93,93,93,93,94,93,93,92,93,93,93,93
95,94,93,93,94,94,94,94,94,94,94,94,94,93,94,94,94,94,94,93,94,94,93,93,94,94,94
93,94,94,94,94,94,94,94,94,94,94,94,94,94,94,94,94,94,94,94,94,94,94,95,94,94,94
94,95,94,94,94,94,94,95,94,94,94,94,94,95,94,93,94,95,94,94,95,94,94,95,94,94,94
94,94,94,94,94,94,94,94,94,94,94,94,94,93,94,95,94,94,94,94,94,94,94,93,94,94,94
94,94,94,93,94,94,94,94,94,95,94,93,94,94,94,94,94,93,94,94,94,94,94,94,94,94,94
221,222,220,218,217,216,223,221,223,224,219,223,219,215,216,215,219,220,220,220,219,224,224,225,223,225,226
227,230,231,228,223,218,219,216,213,209,210,209,207,206,207,208,206,210,218,221,222,219,220,222,226,225,223
222,224,225,225,221,217,220,218,221,222,224,223,221,222,220,218,218,219,220,220,224,225,222,224,227,226,225
217,218,212,209,212,213,209,210,205,211,212,210,206,206,205,206,205,205,207,207,206,208,207,206,205,206,206
198,198,200,199,199,196,189,185,184,185,180,190,192,198,201,203,202,202,203,205,206,206,206,211,215,215,216
212,212,211,209,213,211,208,211,208,208,207,207,211,213,212,213,213,210,212,217,219,219,222,222,222,223,224
216,218,216,218,217,217,218,220,219,219,219,222,224,221,223,223,220,220,225,222,218,215,215,214,216,214,209
205,206,213,214,216,217,217,217,219,223,224,225,231,230,222,224,223,225,225,226,216,227,220,225,227,224,227
243,229,223,225,229,229,231,231,228,227,226,226,227,223,223,224,223,223,225,226,226,223,225,227,231,229,226
219,216,217,216,215,217,216,218,216,212,205,201,199,197,200,203,205,205,207,209,212,215,215,226,234,229,228
219,220,218,216,214,206,212,211,205,206,206,205,204,202,202,203,202,204,205,205,206,206,206,206,211,213,212
212,210,211,212,212,217,223,227,231,217,223,223,225,224,217,230,229,236,243,236,235,240,227,229,236,246,248
230,228,226,235,239,241,237,222,223,222,222,224,226,228,241,242,237,240,227,231,230,230,230,230,247,248,252
231,231,230,230,231,229,230,229,220,222,218,218,219,234,234,234,235,235,237,238,241,242,238,237,243,242,246
227,228,231,230,229,245,244,240,247,246,247,248,229,228,227,228,227,231,227,228,227,224,230,233,232,228,226
217,216,211,211,210,211,207,207,210,210,210,211,211,213,212,212,216,215,210,218,216,216,218,222,222,220,217
207,207,201,207,203,204,205,209,216,221,222,222,225,225,225,227,226,223,228,225,223,229,228,228,226,228,224
216,215,216,215,210,209,209,210,211,212,214,216,225,224,227,227,226,227,228,229,231,228,227,225,222,215,211
203,202,204,204,202,199,203,204,202,202,202,204,199,201,199,198,198,200,200,202,200,201,201,201,201,197,197
187,185,184,191,191,194,194,195,196,197,196,196,197,200,200,209,212,212,214,212,213,212,209,213,211,208,204
200,204,204,198,200,202,204,206,208,211,210,213,217,215,218,218,219,221,220,220,219,217,216,216,215,216,216
218,218,218,219,224,224,224,224,224,222,218,214,214,215,215,215,213,213,213,212,211,211,211,203,196,206,207
219,218,218,217,209,216,214,219,217,217,219,219,226,225,221,226,214,219,213,221,214,220,215,222,226,224,222
238,231,224,232,234,233,232,233,231,232,229,228,228,228,231,231,231,231,230,230,225,224,225,231,230,231,231
231,230,231,231,228,230,227,227,226,219,221,220,220,220,221,221,222,223,223,224,224,225,226,235,238,227,229
227,227,217,215,214,213,213,210,211,210,209,206,205,205,205,206,206,207,208,209,209,209,206,211,215,215,210
208,208,211,209,210,220,227,230,215,219,217,218,221,217,230,230,237,244,242,231,235,222,225,230,236,251,251
232,231,228,241,239,240,225,223,222,225,225,226,228,229,245,241,238,223,225,233,236,236,236,251,258,252,253
235,236,236,235,232,231,229,221,221,219,219,217,235,239,244,248,249,247,240,242,242,244,246,248,251,247,249
233,233,232,231,241,248,252,250,251,253,249,240,223,223,222,221,219,219,220,218,217,224,223,224,218,223,222
221,218,219,216,215,216,214,212,208,205,205,205,218,214,214,220,219,215,219,219,215,218,217,221,224,225,224
213,209,206,206,205,208,205,207,200,204,201,205,212,221,221,222,224,225,222,225,227,228,228,231,229,230,229
220,220,220,216,218,217,215,212,213,206,205,208,213,215,215,221,222,226,226,228,227,229,230,233,232,232,230
213,211,207,207,212,210,208,210,210,206,207,205,209,208,209,211,209,209,209,198,199,197,199,196,200,199,198
190,188,187,185,187,188,191,189,190,195,194,195,207,208,204,206,203,204,206,210,210,213,222,222,213,216,219
209,207,208,206,207,207,208,207,210,211,210,206,216,216,220,221,219,220,222,221,223,226,226,226,225,218,220
219,222,224,223,222,224,223,223,226,226,226,228,229,225,225,220,222,220,220,219,217,220,213,214,212,214,209
214,215,215,215,217,221,220,218,222,211,213,219,221,220,226,222,230,225,231,225,226,229,224,227,218,228,225
224,229,231,231,233,228,228,230,221,230,237,244,244,233,228,235,236,236,234,233,233,230,228,229,231,230,231
230,239,239,230,229,230,230,230,231,230,231,231,232,232,233,233,234,232,230,230,232,231,223,223,223,223,225
235,243,242,231,229,229,229,229,230,228,228,228,228,226,222,220,209,210,203,199,203,202,201,197,200,200,200
205,208,211,212,211,210,206,207,206,207,208,206,207,208,210,212,215,231,233,215,220,220,222,225,217,232,243
234,234,249,250,253,252,239,237,237,237,236,236,234,234,231,242,245,242,226,227,226,228,227,229,242,243,241
248,252,260,262,254,252,239,240,239,237,236,236,232,231,231,232,231,232,230,224,222,221,221,236,242,243,246
243,246,250,247,250,232,233,235,234,234,230,231,229,229,231,229,228,229,245,240,246,242,247,222,221,228,232
225,221,220,216,220,221,222,221,220,220,211,206,208,212,211,214,214,219,221,219,220,220,218,222,224,226,228
226,223,219,223,219,213,210,206,207,206,206,206,208,208,211,223,222,223,224,225,227,229,231,229,235,236,233
236,235,233,229,231,233,228,230,228,229,222,221,216,216,219,221,224,224,228,230,228,229,230,235,236,238,238
217,220,214,214,206,214,212,215,213,208,207,201,204,203,204,204,204,206,212,211,209,210,202,200,202,202,203
197,194,193,195,193,191,189,193,189,192,191,190,197,197,198,200,201,203,201,201,201,201,206,215,222,223,219
217,216,212,211,214,212,209,212,210,210,209,207,214,216,216,214,220,220,221,225,222,227,227,225,227,226,228
223,219,218,221,222,222,222,225,224,225,225,226,227,227,226,226,228,225,225,223,222,222,216,223,224,222,221
211,212,214,215,215,220,225,225,225,226,224,223,216,224,221,225,225,224,221,230,229,217,226,226,228,232,232
233,234,234,232,231,238,245,244,231,231,233,236,237,236,235,234,231,232,231,231,228,232,232,234,234,228,227
233,233,232,232,231,232,231,233,232,233,233,233,231,229,228,228,230,219,219,220,221,219,222,223,224,227,229
230,228,230,229,227,229,225,222,222,215,204,204,204,202,203,205,205,206,205,203,202,202,203,203,204,205,207
210,210,210,209,209,207,209,211,209,210,211,210,224,227,213,215,216,221,217,218,217,227,232,247,233,232,223
237,238,237,236,236,238,234,235,233,229,229,228,235,226,226,225,226,226,226,228,229,237,237,224,235,235,237
252,240,240,241,238,236,237,236,236,234,235,234,231,228,224,224,223,223,222,238,241,244,245,253,249,250,249
235,236,238,236,238,238,237,236,237,236,237,237,245,250,251,255,255,251,247,230,227,225,226,228,227,225,226
215,213,218,216,218,219,216,217,216,215,204,203,204,213,214,212,210,212,215,219,217,221,218,219,222,223,224
222,221,213,219,216,213,213,213,210,204,202,200,203,204,203,213,219,223,226,227,229,231,227,231,234,234,234
235,234,226,225,225,227,231,229,224,226,225,220,216,215,217,220,221,223,222,224,229,229,230,232,233,236,235
214,211,213,211,206,208,207,215,214,210,208,203,199,204,202,202,201,204,203,206,203,206,201,200,201,203,202
200,197,197,197,195,193,190,194,192,192,193,197,197,200,199,203,202,201,204,206,205,207,209,211,220,222,220
215,214,212,205,210,208,204,207,205,204,204,208,208,209,214,218,217,221,224,224,223,226,229,229,228,224,226
223,222,218,221,221,224,226,225,228,225,228,226,231,228,232,230,229,231,226,216,215,214,215,211,213,211,211
214,213,217,217,218,227,229,221,222,221,225,226,219,223,207,225,223,222,220,224,222,224,221,235,225,230,232
232,232,232,230,232,233,232,233,233,228,227,227,229,231,233,233,233,233,234,234,232,231,231,230,234,234,234
218,220,220,221,222,221,225,225,228,228,228,230,231,231,230,230,230,232,232,232,231,231,231,230,231,224,218
207,201,198,195,200,202,203,203,204,204,205,205,204,204,203,205,206,206,202,204,204,205,204,203,201,206,207
218,222,216,214,211,230,239,242,242,234,232,221,228,231,232,233,234,236,237,239,238,239,238,235,234,230,228
226,229,228,228,222,239,238,226,227,235,236,236,237,239,247,256,260,256,255,241,241,242,238,237,235,231,233
220,220,237,240,244,242,243,251,246,247,246,247,246,249,252,253,250,253,250,235,235,237,236,238,236,238,237
230,228,225,223,222,222,222,226,222,222,223,223,227,228,226,215,214,223,224,216,216,214,217,217,220,214,213
203,209,214,217,218,219,218,221,226,226,227,225,221,217,220,225,228,227,227,226,228,223,221,217,211,207,206
205,217,220,224,224,224,227,228,229,230,230,229,231,236,230,232,235,231,231,233,233,230,233,227,230,223,228
216,217,221,220,224,224,227,229,230,229,232,231,236,235,236,233,234,234,233,229,224,215,217,210,203,213,211
210,209,209,209,211,211,210,210,199,198,202,201,202,201,199,203,205,204,203,203,199,198,198,196,194,192,190
206,208,209,209,211,211,211,212,210,217,218,227,225,228,228,222,222,224,225,226,225,224,224,217,216,213,215
225,225,227,228,228,232,232,232,232,233,234,233,232,231,230,232,228,228,227,224,227,227,228,227,228,227,230
236,237,234,234,228,229,228,226,227,225,222,223,222,223,223,223,219,210,209,209,210,213,212,220,221,224,224
226,230,226,222,225,222,214,227,220,227,233,226,229,229,233,232,227,227,230,225,222,216,226,224,229,234,237
232,230,231,232,233,234,233,230,227,227,224,228,231,233,232,232,234,233,233,231,231,233,232,233,233,234,231
220,220,220,220,222,224,225,225,227,225,226,230,232,230,233,232,232,231,232,231,230,229,229,229,218,216,216
204,206,204,205,204,204,205,205,205,205,205,204,205,209,209,209,208,209,208,208,207,205,212,210,208,208,210
216,215,214,229,238,242,235,231,230,218,223,225,230,234,233,235,236,236,236,234,235,236,234,232,230,228,227
226,226,234,232,240,224,227,226,233,234,235,237,245,252,253,254,236,237,237,239,237,237,236,236,234,234,233
238,239,242,243,244,247,248,245,244,244,246,247,252,250,251,250,248,233,235,234,235,233,234,235,236,237,235
226,226,224,223,224,223,224,225,225,223,224,222,224,220,216,208,207,199,220,218,216,215,216,217,216,218,216
204,203,203,203,205,212,213,216,217,217,217,217,221,222,222,220,221,218,222,221,221,221,221,220,211,211,211
204,204,205,212,225,225,227,225,226,227,227,229,233,234,235,237,235,238,235,232,234,232,235,235,230,228,221
220,219,224,222,222,223,225,225,231,233,233,235,236,237,238,236,237,236,236,235,232,228,219,213,213,211,212
199,201,205,203,207,205,202,204,204,205,205,197,205,205,205,205,200,202,202,200,199,198,197,197,197,195,196
200,202,201,205,204,202,204,206,207,207,206,210,210,219,217,220,215,218,220,225,224,222,222,215,208,210,210
213,213,221,216,221,221,225,224,220,223,227,228,229,226,224,228,227,226,223,222,223,226,227,227,226,224,230
237,237,237,238,238,235,223,216,213,216,211,213,214,211,213,214,210,220,214,211,209,212,213,212,216,218,218
212,221,218,223,219,221,223,224,223,229,216,227,224,223,228,229,228,218,234,212,225,216,225,223,219,226,226
218,235,227,231,223,232,237,237,236,236,234,236,230,232,231,226,230,230,230,232,232,226,228,226,231,232,231
231,231,231,232,233,232,228,226,227,226,227,226,220,219,220,220,217,213,212,215,215,216,216,217,219,235,237
223,222,220,219,216,209,210,206,203,205,208,208,207,208,208,204,204,203,202,204,204,205,207,207,205,207,207
204,204,207,206,209,209,209,212,214,213,216,215,219,214,216,216,216,225,237,246,241,233,220,228,233,232,232
235,233,232,233,232,230,230,227,227,228,227,227,228,228,229,231,230,239,243,228,228,234,236,238,237,251,254
239,236,237,235,236,235,235,234,235,226,226,226,225,223,230,242,242,249,249,256,252,251,251,254,253,257,256
237,236,236,236,235,235,237,237,242,251,246,247,250,245,229,229,227,225,225,223,221,223,221,219,225,226,226
218,214,218,214,211,202,205,205,203,205,205,212,214,212,218,217,220,225,223,224,223,221,221,222,222,226,224
219,211,211,210,208,208,204,204,206,207,211,210,221,228,228,226,230,230,233,231,230,237,239,235,238,240,232
225,233,230,229,224,223,221,220,221,215,212,214,221,223,223,226,234,233,236,234,234,233,237,242,234,236,233
210,209,207,216,210,209,209,205,200,201,200,203,205,204,203,205,205,206,208,200,200,199,202,205,205,205,203
192,187,186,188,187,186,192,193,194,197,198,205,203,203,200,202,208,208,204,210,210,218,223,224,214,215,224
205,209,210,208,209,211,211,205,211,206,211,215,220,219,219,220,219,221,225,222,226,226,224,220,219,218,217
215,221,225,227,226,228,229,228,227,235,232,234,236,227,217,217,217,214,217,217,215,217,216,213,217,216,216
219,219,219,216,218,215,218,221,224,224,220,221,231,228,224,229,229,215,228,221,220,218,220,222,224,228,226
224,225,235,238,236,237,237,236,236,234,232,233,229,232,232,232,232,232,227,226,227,226,228,233,233,233,233
233,234,232,232,229,227,229,228,227,223,218,220,220,219,220,221,223,224,225,226,227,228,229,231,232,232,232
229,220,217,217,217,215,216,215,214,214,213,206,200,199,202,207,208,209,209,210,210,203,204,208,210,207,209
209,209,210,210,210,213,214,212,214,216,220,223,218,217,229,235,243,244,239,218,224,225,228,233,237,237,237
234,231,231,229,229,226,226,226,224,226,225,226,228,229,233,223,224,228,227,234,234,236,236,249,252,238,236
237,235,234,234,232,232,222,225,222,221,222,220,240,248,247,247,250,250,246,245,248,249,249,250,253,250,236
237,238,238,237,251,247,244,247,247,244,228,227,224,224,224,224,224,224,223,223,221,222,222,222,228,226,220
217,213,212,205,207,205,204,206,204,204,205,208,211,217,221,218,221,219,223,218,222,219,223,221,223,224,223
208,205,208,203,202,200,200,199,198,202,204,213,221,225,224,225,228,227,230,232,230,235,237,238,239,230,233
219,222,221,220,220,221,216,211,210,212,216,217,217,219,224,226,231,233,233,234,234,237,238,237,236,233,231
206,209,208,208,210,207,205,201,202,201,202,204,202,204,203,204,209,208,205,205,204,203,202,204,204,203,202
189,190,191,192,195,197,198,197,200,202,202,207,206,205,208,203,211,208,207,218,220,224,220,220,219,219,223
212,210,215,215,217,215,215,215,215,221,219,223,225,222,224,225,225,224,225,226,226,228,226,227,222,220,219
224,230,231,231,233,233,234,234,233,230,231,231,228,221,216,215,218,218,218,217,218,214,218,215,214,209,208
220,220,223,224,223,222,222,210,218,213,219,224,225,230,229,232,227,230,227,224,229,232,220,219,222,216,221
220,220,223,220,226,228,230,228,230,236,236,237,237,236,235,233,233,232,231,233,232,233,233,227,226,227,226
234,233,234,233,233,234,234,234,234,231,233,232,231,230,222,223,220,221,221,218,219,218,220,217,219,219,222
228,228,227,228,226,224,224,223,215,212,212,210,209,209,207,202,201,201,199,203,204,204,202,205,205,205,204
211,209,209,211,208,207,209,207,211,212,210,211,214,213,215,216,216,220,219,218,231,239,248,233,216,224,228
238,239,239,236,237,236,234,233,232,230,228,229,223,226,225,225,225,226,227,229,222,223,224,228,236,237,238
240,239,237,237,235,234,236,235,235,234,234,232,224,223,224,222,223,222,235,240,241,245,248,247,248,244,250
237,238,240,240,237,237,237,237,237,239,238,234,248,246,238,249,235,233,232,228,223,231,223,223,223,222,223
216,218,223,221,217,213,210,205,205,208,206,206,211,211,210,209,216,217,217,220,221,226,221,225,225,227,227
219,213,211,206,205,205,202,198,198,194,199,198,210,211,223,224,223,230,229,231,233,233,232,233,237,234,236
227,225,223,226,232,234,226,226,227,228,222,222,225,227,226,226,227,227,229,235,236,238,238,239,237,238,238
210,208,206,207,208,217,213,214,206,204,202,200,202,206,208,203,208,208,208,207,204,203,205,205,203,204,204
194,191,191,187,185,186,189,188,191,194,199,197,200,201,201,201,201,203,203,205,208,207,218,219,220,214,220
214,211,209,207,208,208,207,204,205,209,209,208,217,217,212,221,221,222,220,221,221,223,223,225,223,221,223
222,225,227,226,228,229,229,230,234,234,228,232,230,236,235,228,222,220,215,218,218,219,218,221,222,220,220
217,218,216,218,215,220,216,220,219,219,217,215,225,228,228,230,231,233,233,232,231,231,229,226,234,232,217
228,230,228,224,221,227,222,226,223,218,225,225,222,231,234,242,240,239,236,235,234,231,230,229,231,231,233
232,232,231,235,234,234,235,231,232,233,233,233,234,233,231,231,229,229,229,223,222,221,221,220,219,219,219
228,230,232,233,233,232,232,231,231,232,231,229,229,223,221,218,218,217,217,216,215,213,208,204,201,202,203
208,207,207,208,208,210,209,209,209,208,209,211,211,209,211,210,211,212,216,215,216,219,218,218,236,235,248
237,237,238,240,240,241,241,241,240,240,239,239,233,231,232,229,230,229,228,229,229,227,229,230,239,227,231
254,255,255,241,241,242,242,243,243,241,238,240,240,240,238,238,233,227,226,224,223,222,222,241,245,248,248
253,254,254,237,238,240,239,240,240,239,240,239,240,241,240,240,246,248,251,244,244,231,226,230,226,228,226
226,221,220,220,218,220,222,223,217,220,212,212,212,210,211,208,211,211,217,221,219,220,221,216,217,218,224
222,225,217,213,211,211,208,212,208,208,208,206,207,209,208,213,218,221,230,233,235,234,233,235,238,238,237
240,239,233,227,227,226,226,223,222,222,218,217,212,217,216,212,222,224,222,226,230,235,238,239,237,239,241
217,211,214,216,214,215,215,213,213,213,213,209,201,199,205,205,205,206,207,208,208,207,206,207,202,208,207
204,204,201,201,199,197,187,182,183,192,195,198,198,202,205,204,206,207,208,206,208,207,213,213,224,222,221
224,222,223,220,222,214,213,212,214,211,215,212,214,215,218,218,226,223,229,230,226,231,232,231,233,233,231
228,227,223,225,224,227,230,227,232,231,232,234,236,238,238,237,240,238,234,222,222,220,221,221,220,221,217
209,208,210,211,211,216,222,222,222,219,217,218,204,214,218,210,219,219,226,224,220,221,221,223,225,222,226
233,231,230,230,230,229,233,233,233,234,233,228,227,227,227,230,233,233,233,235,234,233,233,233,234,234,234
224,222,220,220,220,220,219,221,221,222,223,224,223,223,226,225,223,226,221,226,226,225,225,226,227,226,225
211,209,206,208,206,203,200,203,204,203,204,205,207,207,208,207,206,205,205,203,206,207,207,206,205,205,205
214,213,217,215,218,216,216,226,234,246,237,230,218,225,229,232,232,233,235,239,239,239,239,238,236,236,234
227,227,228,228,228,229,224,224,224,228,229,229,237,238,238,239,238,237,253,240,239,241,240,241,239,238,237
225,225,225,225,240,240,244,246,247,252,252,251,251,254,253,249,253,253,254,254,239,239,240,239,242,240,239
248,243,244,230,231,232,227,227,229,229,228,228,227,229,228,226,225,231,231,226,219,216,214,213,218,220,219
208,211,217,215,218,221,222,221,224,224,223,227,224,225,225,226,226,226,227,228,229,223,227,228,213,208,209
201,207,214,219,223,225,224,228,227,227,229,228,234,233,233,234,234,233,233,228,232,233,231,227,224,224,220
219,219,222,223,223,226,226,228,230,234,234,238,236,237,236,239,234,236,236,232,229,226,218,220,214,217,215
201,203,205,205,206,206,206,207,207,206,202,200,201,205,204,201,202,205,206,197,200,199,198,195,191,190,183
201,205,205,208,204,201,207,209,206,210,209,210,222,221,216,219,215,221,223,226,222,220,217,215,216,212,210
219,220,223,224,226,226,226,226,230,231,230,230,229,230,228,228,231,226,223,225,225,225,227,226,224,222,229
234,234,234,233,231,220,216,217,215,213,215,213,211,217,215,215,214,216,206,206,205,216,215,215,220,221,221
223,223,223,223,223,223,228,223,230,232,216,231,227,221,217,218,221,219,222,222,222,223,223,223,223,223,226
236,235,235,236,236,237,233,235,236,238,237,231,232,231,229,228,230,231,233,234,234,235,235,232,233,234,234
227,224,223,221,222,221,220,220,220,221,223,224,227,226,226,228,230,228,227,227,231,232,231,230,234,235,233
215,212,212,213,203,204,204,199,200,198,196,197,199,199,201,201,207,208,207,210,210,212,212,211,208,208,208
215,216,214,216,218,216,215,215,214,227,236,234,225,213,221,224,228,231,230,233,234,233,235,234,234,233,232
226,227,227,231,231,232,233,228,229,228,230,232,237,239,242,240,240,240,241,258,239,240,240,244,240,241,239
227,228,226,227,226,227,243,245,248,247,248,249,249,236,249,249,251,250,252,255,255,239,240,241,242,241,238
246,242,241,247,236,230,229,227,225,226,226,225,225,225,224,225,225,226,231,225,222,220,217,219,223,223,217
213,211,217,215,223,227,228,226,226,225,225,223,226,228,225,229,229,230,231,229,230,227,229,220,217,211,214
206,212,216,220,222,224,224,225,225,225,225,229,235,234,236,235,236,231,231,235,235,235,235,230,225,219,220
212,217,216,217,217,218,220,223,228,231,231,235,233,235,236,235,236,230,229,230,219,210,208,207,203,201,208
194,197,200,202,202,198,204,203,205,201,199,199,199,200,199,198,197,199,199,198,196,195,195,195,190,183,178
201,201,203,204,205,203,204,209,207,210,210,210,220,223,221,218,217,219,217,223,216,218,214,212,211,209,209
214,212,218,218,219,220,220,219,223,223,220,223,224,224,223,218,217,216,216,214,213,218,218,217,215,216,221
226,226,226,221,219,212,210,213,209,210,212,212,217,215,213,215,213,208,207,209,214,211,212,216,217,220,221
220,220,220,216,218,221,233,221,228,228,218,226,221,221,214,216,213,213,217,222,225,220,223,221,223,223,224
243,238,237,233,232,233,232,229,233,233,234,234,229,230,229,228,229,227,232,233,233,233,234,233,231,232,232
228,229,222,223,222,221,221,221,215,216,218,224,225,225,225,225,227,230,229,231,227,231,232,233,232,232,230
217,217,216,212,212,211,204,205,204,197,198,198,199,199,202,202,202,203,207,207,207,209,212,211,211,210,208
215,215,213,215,218,217,219,219,215,217,229,243,233,223,218,229,235,237,238,239,240,242,243,242,239,241,239
229,229,230,230,229,232,231,230,225,224,226,229,234,239,239,241,241,241,240,260,259,243,244,245,242,241,240
229,229,226,227,227,228,239,242,247,247,247,251,252,248,246,251,250,255,254,255,255,253,239,240,240,240,241
250,250,236,242,227,229,230,226,226,228,224,225,224,225,223,223,224,224,223,216,208,204,203,206,206,206,206
209,209,209,208,209,209,208,222,215,216,213,211,208,214,214,217,218,213,213,211,206,208,206,212,210,210,215
223,225,224,221,222,223,223,223,223,222,221,224,226,219,214,218,211,209,206,202,195,200,200,196,199,207,213
227,230,228,229,228,230,230,230,228,228,228,228,223,225,225,221,220,221,222,223,225,219,217,215,218,220,219
232,233,233,236,234,231,230,231,229,229,224,219,212,212,210,209,208,207,207,211,207,205,198,195,195,197,195
194,194,195,196,199,196,195,196,195,194,193,192,191,191,187,186,183,175,176,175,181,183,191,190,197,198,198
210,215,216,214,216,216,216,216,219,219,216,215,213,214,213,213,202,200,199,198,200,204,202,210,214,214,217
227,224,225,224,225,219,217,215,216,216,215,216,221,215,215,215,216,216,220,225,223,223,223,224,225,225,223
223,223,223,224,216,223,216,221,213,216,217,216,216,218,218,218,221,222,223,223,223,222,218,216,216,224,223
214,227,219,219,225,218,222,223,223,222,228,228,226,229,227,229,231,223,223,224,230,232,228,237,239,239,236
231,231,226,227,226,228,226,225,226,226,227,230,231,233,233,232,230,232,232,231,230,231,231,230,227,227,226
215,217,218,222,224,224,222,228,227,227,226,226,231,232,232,232,232,231,231,228,226,223,220,217,217,217,217
202,203,203,207,204,201,202,207,208,212,213,212,213,215,216,216,216,214,213,215,217,214,211,211,216,217,217
235,248,242,240,232,219,228,230,234,234,236,237,241,242,244,242,242,241,241,239,238,237,233,233,227,229,227
226,232,234,233,236,240,241,242,242,242,252,258,243,243,243,245,243,243,242,241,240,239,238,236,232,225,226
250,252,251,247,245,246,249,249,252,252,254,256,236,237,239,241,242,244,243,242,243,242,239,240,249,248,253
230,229,229,230,229,230,230,228,231,230,239,239,233,229,228,230,228,227,229,229,231,226,221,217,216,216,215
228,226,225,223,224,224,224,229,227,230,227,227,228,223,221,221,223,220,222,216,210,206,207,205,204,204,204
229,227,229,231,235,236,233,235,236,236,235,235,230,232,232,228,225,226,221,219,228,221,218,218,209,211,216
237,241,235,237,242,239,243,243,240,239,239,238,229,220,213,212,209,209,210,213,216,218,216,211,204,202,203
205,205,205,202,206,205,203,205,206,207,207,205,203,202,195,200,198,197,193,171,172,173,179,192,196,198,200
211,212,216,215,219,218,219,212,219,222,226,223,223,218,215,214,215,214,213,209,211,211,210,210,213,212,214
225,227,227,226,231,230,228,225,222,222,224,221,222,227,224,225,221,224,223,225,226,228,229,231,232,235,234
216,218,217,217,215,212,211,211,210,207,206,203,204,205,214,214,216,217,217,221,221,218,218,212,223,224,220
216,219,217,218,218,221,222,227,226,222,224,222,223,224,224,225,226,226,227,235,237,238,236,235,234,234,234
228,229,230,230,228,231,235,229,234,234,234,235,233,234,234,235,234,234,234,234,232,231,231,230,224,222,222
227,227,227,229,230,228,227,227,229,235,233,232,232,233,231,230,231,230,227,221,220,220,219,217,212,213,211
204,205,205,205,205,205,203,204,204,204,207,206,209,206,206,205,206,206,208,208,210,215,217,217,216,216,221
220,220,227,232,235,237,239,240,240,243,236,242,242,242,242,241,240,238,237,235,228,227,224,228,230,229,230
240,241,242,242,242,242,241,257,260,244,243,243,244,242,241,241,240,242,241,240,240,240,236,230,227,228,229
248,251,252,250,254,254,256,255,256,241,241,241,244,243,244,245,243,244,243,244,238,238,238,251,233,232,234
227,226,225,225,226,225,220,213,225,224,222,215,212,211,213,214,217,221,221,213,210,206,207,207,211,211,211
227,220,218,224,221,225,228,226,227,226,223,223,223,223,224,219,218,214,201,195,192,191,190,188,199,199,201
220,221,221,221,213,217,218,221,220,221,221,222,222,220,215,214,214,212,213,219,218,218,214,209,208,209,211
222,222,223,222,222,225,223,223,223,222,222,220,204,202,195,197,198,205,209,210,210,205,196,191,191,191,193
191,191,189,190,191,189,190,189,188,188,187,186,184,184,184,182,182,181,166,160,162,173,180,186,188,199,199
203,207,211,212,211,211,210,209,211,212,210,210,209,204,208,203,203,201,194,196,195,202,203,208,209,209,209
217,218,219,218,217,215,211,211,211,211,211,212,213,212,211,212,212,212,213,218,220,221,222,221,222,222,222
216,215,212,212,212,210,215,211,208,207,207,208,209,210,209,214,215,217,217,216,219,218,215,213,213,212,215
221,220,220,219,221,221,220,229,213,225,229,209,211,213,213,217,218,218,223,226,224,227,215,222,223,223,224
236,235,233,233,233,233,233,234,230,234,230,229,227,228,229,227,227,228,233,233,234,234,235,234,233,234,234
226,221,221,219,220,219,218,221,219,218,221,221,224,224,225,226,225,226,225,226,232,233,233,234,232,230,227
216,210,211,210,207,205,202,203,201,200,203,204,204,208,206,206,206,205,206,206,206,207,207,209,209,208,209
216,214,214,218,220,222,220,219,219,233,239,252,233,220,228,232,236,238,237,239,241,243,241,241,241,241,240
221,228,230,229,230,232,232,230,223,226,227,233,239,242,242,243,240,239,240,255,243,235,242,243,240,239,239
224,225,223,224,223,223,239,239,247,242,246,252,249,249,248,250,249,250,253,252,252,252,239,240,242,241,242
251,246,227,235,230,233,232,232,233,234,229,228,226,227,224,226,227,227,225,210,227,227,226,217,211,216,218
207,207,208,207,208,210,212,216,216,220,225,224,228,230,225,223,222,224,225,226,226,226,228,229,227,223,216
189,188,189,189,193,200,203,204,210,212,215,216,219,220,221,221,222,221,223,222,223,224,224,224,225,220,218
211,207,207,204,206,208,209,213,214,215,217,218,223,225,227,228,228,227,229,226,228,227,225,221,200,200,197
193,191,189,190,192,192,192,192,192,193,191,190,191,190,191,191,191,191,191,190,189,190,190,186,186,185,185
183,184,185,189,190,193,194,194,194,193,194,195,198,204,205,210,214,213,214,208,209,209,212,211,200,200,199
195,203,204,205,206,206,206,207,208,208,212,213,214,215,215,216,217,216,215,209,209,209,209,209,212,211,210
221,221,222,223,222,222,221,221,220,208,203,203,204,204,205,205,205,204,208,211,201,201,198,202,210,210,212
217,212,212,208,213,215,217,217,219,219,220,220,220,221,221,220,220,229,207,230,206,222,214,217,218,218,219
221,221,224,225,224,229,239,239,240,239,238,237,236,236,235,234,234,236,236,231,232,231,231,232,230,229,229
232,235,233,234,234,234,234,233,232,230,230,229,222,220,221,221,219,221,219,222,224,224,226,228,231,231,229
230,229,230,227,227,219,216,215,219,217,216,217,213,210,208,205,204,200,203,205,206,206,208,206,205,205,209
216,212,214,216,214,214,214,210,208,212,215,212,212,215,219,219,218,214,214,239,246,232,235,224,233,236,240
242,243,241,241,239,234,235,233,228,228,225,224,231,232,232,232,233,234,226,232,233,236,235,242,244,243,242
244,246,243,241,241,240,241,240,239,232,231,230,228,227,228,227,240,241,249,252,254,252,252,235,250,251,254
244,245,243,241,243,242,242,242,235,234,234,248,235,233,222,232,224,230,225,224,223,225,225,226,231,232,227
212,214,214,216,215,214,216,216,216,219,222,226,226,221,225,228,223,223,226,229,229,228,226,225,230,230,228
197,196,192,190,193,194,204,206,214,214,216,218,219,221,223,222,225,226,224,229,231,227,227,227,229,228,223
220,217,211,212,212,214,214,214,215,215,217,218,221,224,225,227,228,227,228,230,228,228,226,225,211,210,206
206,196,192,190,191,192,193,193,194,195,193,193,193,194,193,192,192,192,193,191,191,191,192,190,187,187,186
178,184,186,188,190,190,192,195,196,195,196,195,198,200,205,206,212,216,214,213,212,215,215,215,214,208,208
200,200,205,211,212,212,213,213,214,216,219,219,220,220,220,221,221,222,223,221,216,215,215,214,216,216,216
222,222,222,224,224,224,223,223,222,223,215,215,213,214,215,213,216,217,213,212,218,213,210,211,212,218,218
222,217,217,216,216,215,216,216,217,217,234,220,226,210,223,210,218,217,209,211,210,215,218,215,212,212,214
238,239,238,239,237,236,236,234,235,234,233,237,236,230,229,230,230,230,232,229,230,231,232,236,236,233,232
233,229,230,230,226,221,222,220,221,221,219,219,219,216,218,217,220,220,223,226,227,225,226,226,224,227,227
216,216,216,215,214,211,208,207,205,208,204,196,198,198,199,201,201,201,202,204,208,208,210,209,210,211,210
209,211,214,217,216,215,216,214,219,223,224,222,237,243,243,234,232,221,225,234,237,238,239,241,242,241,240
232,228,228,227,224,231,232,232,231,234,234,229,230,233,235,237,234,243,244,246,244,244,246,247,247,247,246
243,238,240,229,233,227,228,229,227,228,241,243,247,250,258,253,251,246,235,248,251,252,255,239,240,242,242
235,235,234,236,238,235,228,227,233,232,233,232,225,226,224,224,224,223,228,225,221,220,216,226,221,221,208
215,221,223,226,229,226,223,225,228,229,230,230,234,231,231,233,229,228,232,227,226,221,215,208,197,199,198
220,224,224,226,226,227,229,229,231,229,231,231,234,234,233,229,230,232,235,228,225,226,221,225,227,227,225
220,221,225,224,227,228,232,233,235,235,232,238,236,234,234,231,233,226,219,215,213,213,212,213,218,212,210
206,206,206,206,206,208,206,206,206,206,206,206,204,205,203,203,203,201,203,203,200,199,198,190,185,187,188
207,206,208,208,208,210,208,207,218,222,221,222,219,220,222,216,220,219,216,212,211,210,210,205,206,205,208
220,217,220,222,225,224,227,227,227,227,229,228,224,222,222,222,220,221,220,219,218,218,214,216,223,223,224
226,221,218,214,217,215,216,218,219,218,219,218,216,218,210,215,214,214,214,221,222,223,223,224,224,225,226
226,226,227,229,227,222,220,221,227,227,228,228,223,237,226,228,233,215,231,221,228,221,224,224,227,228,223
236,228,233,238,245,238,240,239,238,237,236,235,236,235,237,233,235,229,229,228,228,228,228,230,232,234,235
237,236,236,235,235,232,232,231,231,223,224,223,224,222,221,222,222,225,226,227,226,228,230,230,228,227,233
230,224,222,218,220,219,218,216,214,214,214,215,209,206,202,206,205,203,206,208,208,206,206,206,206,206,207
213,212,213,213,213,212,215,216,217,216,215,217,221,221,222,220,236,246,251,235,220,231,232,238,240,241,243
237,238,230,233,230,227,225,225,229,230,231,230,234,232,225,239,240,232,235,242,242,244,245,244,258,256,245
244,243,242,241,239,238,234,230,230,230,226,226,235,245,246,251,251,253,254,252,251,253,253,255,259,257,254
247,245,246,247,247,239,249,256,252,254,251,253,234,235,235,232,231,231,231,233,233,232,232,228,225,227,225
220,214,213,211,214,211,212,212,212,213,213,220,221,224,224,227,226,221,219,221,222,224,223,225,230,232,232
209,205,207,202,207,210,210,211,212,218,223,223,228,227,229,229,229,232,234,234,236,236,239,231,232,235,235
220,221,220,216,213,214,214,215,214,217,220,224,221,224,227,230,233,233,233,234,234,235,236,234,227,225,212
214,210,207,204,194,193,199,200,200,198,198,198,198,202,203,202,202,204,204,204,204,202,201,201,199,200,199
175,182,190,194,190,194,195,197,198,198,198,199,202,206,206,208,212,218,222,220,218,219,219,221,220,218,215
204,201,209,210,213,216,220,218,219,217,221,221,222,223,222,222,222,222,228,223,229,227,223,223,214,219,219
230,230,227,232,233,234,235,234,235,234,234,218,213,211,211,211,212,214,212,213,212,211,211,211,209,208,215
224,226,220,220,219,216,221,223,226,227,228,228,230,229,226,206,232,233,232,226,223,231,215,230,225,215,216
219,222,218,224,222,221,223,223,224,226,234,237,237,238,237,237,236,235,235,235,237,238,237,235,230,230,230
235,235,236,234,233,235,235,235,235,235,236,236,232,233,229,232,225,221,222,222,223,220,220,222,225,226,229
236,235,236,235,235,235,233,231,233,227,222,222,221,220,220,219,218,218,216,208,208,205,206,208,210,210,210
212,212,212,212,213,216,217,216,216,215,212,210,212,214,210,211,210,217,222,228,227,225,235,249,233,219,221
244,243,243,242,242,242,240,240,239,232,237,231,232,233,231,231,231,234,235,234,236,230,231,236,242,242,243
244,247,247,244,246,245,243,243,241,241,241,241,234,233,233,232,231,228,229,245,243,244,249,255,254,250,252
244,244,243,244,244,247,246,246,244,246,245,246,238,247,239,248,231,236,236,236,234,231,239,228,227,234,234
221,212,212,218,217,213,216,213,216,216,218,220,228,229,229,228,228,227,229,229,230,231,229,227,229,224,229
207,207,198,201,199,206,210,219,222,222,222,225,225,226,230,226,227,234,230,233,229,236,234,228,233,235,234
223,222,219,220,219,219,220,221,218,222,222,222,227,228,229,232,234,235,236,236,235,235,234,232,220,215,210
210,207,206,203,202,202,195,198,202,204,205,203,204,203,203,204,203,204,205,203,203,202,202,199,199,198,198
175,180,185,187,190,193,195,197,198,198,198,200,201,203,205,213,220,217,221,219,217,215,217,222,216,217,209
206,205,207,209,208,209,211,216,215,215,218,218,219,219,219,221,220,221,222,222,220,218,216,214,217,221,218
224,224,225,228,228,227,225,226,226,224,223,211,208,210,211,213,210,210,211,212,210,209,209,206,205,209,213
223,219,216,219,215,219,215,219,221,220,225,224,229,230,204,225,225,215,218,220,220,219,221,217,230,213,225
219,224,223,223,220,217,219,219,220,222,222,222,228,234,239,239,238,237,237,236,235,236,234,236,235,232,228
236,232,236,235,235,236,236,235,235,235,235,237,238,238,237,236,237,235,233,224,224,224,224,223,223,225,225
230,229,234,236,237,237,237,237,237,236,236,234,232,224,223,224,222,222,220,218,218,218,215,207,204,205,207
211,210,211,212,213,214,214,213,214,212,212,213,212,211,210,209,211,213,216,215,216,217,221,220,230,238,248
241,241,242,246,244,247,246,244,244,244,244,241,238,231,238,230,233,229,224,230,231,230,232,232,228,233,234
245,260,245,245,247,246,246,249,245,244,242,241,240,239,239,236,231,230,228,229,226,225,227,242,245,249,255
256,258,257,254,242,243,245,244,244,244,242,242,242,243,242,242,237,254,253,252,250,240,233,232,235,235,235
445,404,409,417,413,421,425,433,422,438,427,416,434,429,435,434,438,427,424,416,411,417,423,434,434,427,430
425,401,410,420,399,398,405,413,405,405,402,412,433,433,427,423,427,425,416,442,463,458,441,427,418,421,442
453,437,419,395,379,403,436,441,454,440,430,430,410,419,431,453,466,467,460,453,432,433,438,441,444,444,434
418,417,412,421,448,440,438,427,421,406,420,425,458,464,468,466,450,449,446,451,452,478,479,459,441,439,438
445,468,476,478,475,465,458,460,478,479,482,479,467,467,465,467,445,446,458,462,450,443,437,433,444,447,458
470,483,485,466,463,463,458,449,459,460,463,451,428,443,443,436,450,445,442,453,453,424,440,443,438,443,439
433,418,429,430,438,440,439,434,394,399,415,424,463,466,463,458,459,435,431,433,455,464,458,457,445,427,438
440,437,442,443,409,421,428,433,436,442,448,453,448,422,423,416,426,435,461,459,464,454,435,451,457,469,483
485,493,491,482,487,487,478,473,471,466,449,434,443,429,428,434,433,427,417,401,378,425,425,435,461,452,451
443,445,447,445,454,455,426,436,429,423,427,429,433,454,445,443,392,394,397,396,378,357,375,360,359,351,349
364,354,346,351,374,380,385,386,391,401,401,405,424,421,423,432,438,447,436,428,430,437,442,429,427,424,428
395,410,419,428,421,403,400,398,413,429,426,433,415,409,408,404,396,406,411,419,428,401,412,423,417,417,426
432,439,439,438,418,417,423,437,444,429,417,428,408,409,411,420,422,410,415,409,409,419,414,426,420,419,422
435,430,423,425,430,432,419,442,451,447,454,454,463,464,457,444,440,451,464,460,456,454,455,449,447,439,426
422,424,429,436,449,452,455,449,447,448,458,466,478,474,477,479,477,474,476,472,480,478,470,468,461,465,470
484,480,469,474,472,470,473,474,468,467,457,434,423,414,438,440,439,447,447,428,433,429,441,446,445,454,453
458,460,463,469,472,470,464,463,464,454,448,452,437,446,428,422,414,409,412,417,444,452,452,456,448,451,452
462,470,468,459,436,439,438,430,440,445,446,423,410,396,404,412,432,432,436,444,435,466,465,459,446,436,449
439,447,441,450,447,461,470,462,455,454,444,456,456,468,460,468,466,465,477,472,474,469,433,451,433,442,469
469,454,419,423,415,420,435,427,429,436,425,419,423,434,436,441,442,426,427,422,415,423,424,444,432,433,421
432,402,403,414,399,394,401,411,415,410,407,411,433,435,435,422,431,430,413,435,459,463,451,429,425,423,451
463,443,422,399,392,408,440,458,460,448,448,432,421,432,441,464,473,477,476,473,462,445,452,451,455,461,455
445,430,424,436,456,454,440,428,424,407,419,428,465,469,470,472,451,452,449,455,456,481,486,464,446,436,436
439,477,480,483,477,473,461,464,471,481,488,489,478,473,471,470,448,452,459,466,461,449,443,438,451,454,460
471,482,485,470,463,466,462,460,471,470,468,453,432,444,450,448,463,458,457,461,462,435,444,454,445,455,457
447,426,438,440,450,450,450,445,419,413,423,439,467,467,470,468,469,445,441,449,459,470,465,455,447,439,447
447,445,444,450,416,426,436,439,444,447,451,458,452,439,420,416,436,439,468,461,466,455,442,461,463,472,482
486,495,494,479,489,489,487,477,474,469,449,434,440,438,434,446,445,431,421,405,397,430,437,442,464,453,456
443,448,453,453,462,462,441,444,460,458,410,411,404,402,378,382,369,387,378,376,369,366,367,357,363,373,382
389,389,390,395,404,408,420,413,427,436,442,441,429,437,435,438,439,437,420,424,425,400,393,403,425,424,416
412,390,405,419,427,426,412,416,407,401,391,407,413,427,415,403,404,419,417,402,402,415,428,432,429,426,410
406,423,426,421,411,412,401,404,403,414,417,407,404,410,415,418,418,432,435,430,423,445,444,434,435,440,443
449,450,463,459,458,462,468,470,464,454,451,460,469,459,453,459,466,456,449,451,445,425,425,423,434,439,454
458,458,454,454,472,483,487,482,483,487,483,476,480,480,487,487,482,474,471,462,466,483,490,484,477,478,478
475,479,474,484,450,443,439,424,428,451,440,450,443,437,446,448,441,450,464,455,460,467,474,478,475,482,487
484,476,479,467,455,452,439,448,449,439,428,413,420,437,447,451,459,458,450,456,461,468,470,477,468,441,445
448,439,436,445,439,416,410,398,404,412,425,432,438,435,435,460,470,462,446,451,444,453,437,452,448,452,457
472,476,467,459,448,464,460,464,468,471,471,471,480,480,474,470,440,448,450,455,449,454,451,456,471,471,426
432,450,437,443,438,442,448,447,427,432,434,428,438,434,423,421,410,425,430,420,427,430,430,435,427,417,401
409,410,397,394,418,408,400,404,420,427,426,432,422,430,416,428,441,464,460,442,432,423,422,431,452,442,432
420,396,385,414,451,445,445,428,432,436,425,437,474,480,482,473,466,447,448,451,454,451,463,461,434,427,426
427,448,452,453,437,422,418,439,433,436,468,473,462,452,451,456,467,464,477,486,482,448,437,438,440,474,479
482,491,476,470,466,476,486,493,495,488,478,479,466,458,461,467,466,462,465,456,447,453,456,456,480,488,494
480,472,471,471,465,478,476,472,445,441,446,452,466,466,464,465,471,472,455,445,458,459,462,460,442,425,432
443,441,454,453,430,423,426,438,445,465,469,467,470,457,446,444,451,463,474,468,466,458,441,443,445,446,437
451,427,420,428,447,439,447,460,461,455,441,420,427,431,443,463,459,466,454,438,446,461,463,472,485,487,493
488,483,497,494,469,474,463,440,436,434,437,439,445,439,417,416,395,404,430,427,441,464,453,449,445,452,453
454,461,462,459,467,466,466,426,427,407,403,399,381,391,394,398,381,376,364,385,369,356,364,382,389,396,403
396,406,411,411,417,429,438,446,449,430,429,432,431,437,427,424,421,419,420,388,388,414,420,413,401,396,391
402,426,430,412,407,400,375,395,400,403,422,429,404,405,414,408,401,407,420,420,430,424,427,417,411,416,426
429,403,413,410,404,405,417,414,409,414,411,417,425,423,436,440,427,431,437,448,451,427,433,441,449,443,459
463,460,460,466,472,465,458,455,465,471,470,463,464,463,454,451,455,445,426,429,431,433,444,439,459,461,451
457,464,479,479,485,483,483,479,476,481,483,482,489,481,470,468,465,465,475,489,486,475,479,477,476,475,481
476,465,446,433,421,429,446,445,454,446,439,437,445,442,456,463,453,461,461,460,470,462,469,484,481,472,467
472,445,455,438,443,433,426,412,408,414,417,438,448,459,457,442,449,455,457,462,467,467,465,439,440,438,438
437,451,428,407,387,400,404,424,431,434,434,432,458,464,454,444,446,441,446,447,445,454,453,454,471,476,471
456,444,454,468,468,464,463,470,473,474,482,479,467,453,447,454,451,446,449,495,495,478,439,444,437,450,452
443,449,442,436,439,424,435,436,428,426,422,415,428,424,446,436,431,432,426,423,430,408,413,416,395,399,403
411,398,404,417,428,429,421,421,424,409,436,458,464,451,443,422,421,419,434,448,457,435,411,407,402,424,455
459,459,439,433,435,443,456,478,482,483,477,470,461,458,462,457,453,467,463,451,436,428,437,452,461,457,440
443,423,442,433,470,478,473,469,451,452,460,467,484,492,492,465,455,441,443,447,443,483,488,490,481,463,465
474,493,493,494,486,482,479,470,461,470,472,464,469,461,448,446,460,462,462,476,478,498,479,473,468,472,471
475,487,474,457,458,462,460,469,468,466,474,478,462,456,463,459,460,468,466,462,447,441,445,450,458,460,457
444,426,449,453,471,471,478,477,464,440,442,456,479,466,463,465,462,439,448,450,451,445,457,451,428,435,437
446,457,457,460,447,439,428,441,442,456,469,468,460,443,452,464,464,465,481,483,490,496,491,466,497,491,482
470,466,440,440,436,436,443,445,440,422,420,400,435,436,440,450,462,451,458,451,451,463,458,466,468,447,459
449,479,477,458,422,402,406,386,392,379,400,392,388,376,380,383,358,356,364,377,390,396,402,397,401,409,413
418,423,436,447,444,431,432,431,436,437,434,425,429,438,403,394,408,417,428,423,422,408,395,396,424,431,422
412,405,396,387,402,409,420,421,406,401,410,408,404,412,421,426,426,431,430,427,414,414,422,429,414,411,414
406,406,413,415,408,409,408,423,425,424,431,440,425,430,451,449,445,435,437,438,441,442,451,462,461,456,465
469,472,465,457,469,462,463,456,461,461,454,452,443,436,425,433,426,437,437,442,454,463,460,456,469,470,482
489,488,489,483,480,483,484,488,490,485,478,473,466,478,487,491,486,475,475,479,478,476,483,483,475,465,442
437,434,454,439,456,439,442,448,452,441,456,469,460,464,470,469,476,470,474,480,484,483,474,478,448,454,446
434,442,431,431,413,421,442,446,453,464,461,455,461,458,470,470,476,477,470,460,442,445,444,435,454,433,414
407,398,408,418,434,440,439,448,458,470,460,451,447,454,454,439,455,455,455,456,457,474,476,466,449,454,470
461,470,471,472,479,486,481,486,471,431,462,465,463,454,461,465,502,500,501,436,438,459,438,444,436,448,451
434,442,438,438,428,431,423,421,419,420,423,432,429,429,438,425,429,420,408,412,416,399,394,402,412,399,403
423,433,429,427,434,416,432,456,471,465,452,447,424,426,420,448,452,444,437,421,412,395,418,451,461,458,433
434,426,435,449,479,486,478,474,452,464,458,460,460,469,466,458,445,430,428,434,453,454,458,438,428,418,432
431,469,476,472,465,462,467,465,460,478,489,485,463,439,446,444,445,473,477,484,488,479,471,464,483,489,491
492,482,483,481,459,457,472,466,469,468,461,456,459,460,456,469,478,487,492,489,471,472,473,477,487,487,487
467,460,459,462,477,471,475,480,481,467,449,461,465,466,467,464,454,431,435,443,443,454,453,452,425,432,447
453,471,467,477,466,448,451,452,462,473,464,461,464,435,443,448,446,448,443,455,452,428,437,445,444,449,455
457,445,435,424,434,444,469,463,468,457,445,449,469,466,473,481,486,484,496,491,463,485,484,483,478,470,445
440,440,439,442,441,424,421,395,411,432,435,441,465,466,466,428,411,408,405,358,339,335,371,369,384,373,382
395,407,410,409,424,437,441,433,442,429,429,433,430,414,424,427,435,406,398,397,408,424,424,418,391,393,406
421,422,403,411,392,383,394,396,404,418,415,408,402,413,401,399,412,418,424,431,428,435,420,406,414,428,428
418,422,414,409,412,417,411,409,416,409,422,422,429,438,443,429,430,454,453,453,441,433,448,449,448,461,467
464,460,468,473,465,460,455,468,474,469,457,461,460,452,453,446,443,429,426,431,436,446,445,465,465,452,461
466,485,480,484,487,485,480,476,484,479,486,489,479,473,465,466,470,481,490,486,477,477,472,480,479,480,482
477,442,437,422,447,447,445,453,445,437,440,448,444,458,461,457,461,465,467,477,467,474,491,486,472,480,475
453,457,442,439,442,441,419,421,426,430,454,447,462,456,453,457,456,461,464,476,473,464,446,444,441,438,439
455,415,409,405,408,414,429,436,439,445,439,455,467,456,451,442,445,455,431,451,457,453,457,473,478,473,452
452,462,468,467,472,470,474,479,479,485,485,480,432,438,448,449,456,461,467,470,447,470,479,458,491,490,488
430,440,454,434,444,430,448,448,429,443,438,432,435,437,430,421,428,430,428,423,434,435,435,436,430,421,405
412,411,398,392,411,404,403,402,411,429,425,425,430,432,417,422,445,466,458,451,436,420,419,425,452,440,431
421,399,396,414,468,463,457,445,434,439,430,436,469,477,486,480,475,455,460,457,460,459,464,468,449,428,431
431,446,455,455,442,440,420,428,439,438,469,472,471,456,460,456,474,461,465,488,486,455,443,449,448,454,478
483,492,482,478,472,489,483,495,497,491,482,483,475,458,460,468,474,466,466,462,453,458,463,464,483,490,494
495,477,470,474,470,486,483,490,467,454,451,463,462,478,476,476,485,485,478,457,463,465,471,474,465,437,440
454,444,455,463,451,432,425,445,457,459,477,475,479,468,452,440,462,465,476,470,468,471,451,444,446,453,452
453,453,437,438,453,448,451,460,460,459,457,429,425,441,446,472,468,472,467,451,449,473,473,475,489,492,497
498,470,487,494,480,480,476,457,441,440,445,443,448,448,436,426,407,395,421,439,443,463,462,457,458,463,462
463,471,471,470,474,479,477,476,430,433,412,408,407,389,396,397,408,398,390,378,390,367,359,364,389,386,389
397,407,411,421,426,418,428,448,444,445,437,433,433,435,434,427,426,432,429,433,399,408,417,427,417,402,396
389,407,415,423,400,413,393,387,390,392,393,411,408,391,401,407,406,401,409,414,417,421,428,433,412,407,418
428,420,408,413,404,407,409,415,413,409,413,412,420,421,424,438,446,435,430,433,455,443,434,438,452,450,441
458,458,460,461,468,474,470,464,455,460,470,464,457,462,465,455,456,457,443,429,429,437,437,444,467,468,466
456,464,468,481,486,481,485,485,481,478,481,480,485,490,475,474,469,467,473,480,487,479,475,485,479,477,479
482,484,467,444,433,424,453,454,447,460,452,436,451,446,450,463,465,462,469,467,472,473,478,478,486,486,477
477,461,449,463,438,448,437,437,419,416,423,426,450,455,461,464,451,459,457,459,472,474,474,466,441,449,448
438,446,447,427,412,400,402,412,430,440,443,445,458,464,473,457,448,454,444,457,448,456,451,453,472,470,479
469,457,448,469,466,476,467,470,476,474,480,484,477,480,430,451,452,453,447,459,466,468,468,463,502,502,495
444,451,439,444,438,440,442,443,434,434,436,429,436,433,421,427,426,419,430,424,439,431,434,442,437,425,410
422,415,405,404,419,410,402,408,419,436,432,434,431,432,416,425,455,465,458,448,431,420,420,436,449,436,432
421,397,397,417,459,457,455,430,430,436,427,439,467,477,480,474,466,452,459,455,458,448,460,458,430,427,426
428,452,459,458,433,433,423,438,438,445,474,482,472,461,457,462,468,465,481,490,485,449,439,447,445,468,483
488,493,481,474,477,487,485,496,493,488,486,488,476,460,460,469,470,469,468,467,456,460,467,467,486,491,496
491,481,480,482,477,486,493,486,462,459,457,464,469,476,480,481,487,487,474,457,467,467,475,477,460,437,439
450,449,463,465,445,431,429,450,457,464,482,478,482,470,452,447,464,472,480,475,473,468,443,451,456,458,456
463,436,441,446,458,455,458,465,469,467,452,427,426,441,450,473,473,477,466,455,457,475,473,484,492,497,500
499,482,493,495,480,483,475,452,444,442,447,450,458,448,432,434,397,398,431,435,452,470,466,466,456,459,461
460,453,431,435,408,405,408,391,396,403,386,366,364,381,399,398,397,401,397,408,402,412,424,420,450,447,458
439,430,433,436,426,429,431,437,421,398,401,406,428,425,420,407,395,391,407,413,428,411,408,407,388,392,397
405,418,405,395,408,403,400,410,415,421,432,423,427,418,409,407,415,425,425,413,406,413,404,403,413,413,408
411,417,423,424,440,443,432,427,439,453,453,443,436,449,450,450,448,464,472,463,461,467,472,476,466,452,463
473,461,463,461,451,452,451,439,433,429,439,435,449,439,465,466,466,455,460,463,473,487,487,481,487,479,477
479,485,486,491,475,466,465,471,478,488,484,478,482,479,477,473,480,480,477,484,466,438,434,422,445,448,458
449,439,447,452,462,466,455,467,468,469,480,475,473,489,485,483,483,474,474,453,449,443,429,447,435,416,416
415,450,447,460,461,447,455,462,454,465,469,474,463,439,437,445,444,436,431,441,446,405,401,387,408,416,433
436,435,449,458,458,440,446,439,449,445,444,459,455,455,458,472,477,474,458,455,445,473,464,478,469,475,474
474,476,486,467,447,452,455,457,423,439,435,443,440,436,440,439,440,436,435,423,434,426,420,423,421,412,413
419,408,422,428,434,430,415,420,415,406,407,403,394,401,404,414,402,397,403,413,426,424,421,430,416,437,457
466,445,438,419,415,438,447,443,437,429,410,403,400,438,453,458,454,456,434,434,442,445,461,476,478,475,458
449,458,464,462,465,461,442,431,433,430,440,444,456,455,434,437,413,423,435,435,458,475,468,462,454,471,465
462,486,476,449,443,443,444,458,477,484,489,490,477,461,468,474,485,494,495,491,487,481,483,461,463,471,468
470,461,451,451,467,470,476,480,489,496,479,479,481,474,474,477,482,482,474,462,457,464,468,477,472,472,477
478,456,468,460,472,464,457,439,431,445,440,445,452,456,448,421,418,431,448,451,468,473,475,473,449,455,457
466,469,458,466,433,451,448,448,452,441,453,447,419,433,441,442,436,448,461,458,458,428,423,427,446,467,466
471,444,457,465,464,479,483,484,483,491,484,462,491,491,482,479,482,473,451,447,447,442,451,454,425,418,405
424,449,447,470,470,471,474,481,461,461,458,476,471,472,457,459,448,481,480,478,438,435,400,418,391,394,395
401,384,384,394,375,374,385,386,399,400,408,415,412,408,419,426,431,433,425,433,451,435,430,436,439,444,442
431,427,435,403,407,416,426,422,413,410,392,389,416,424,428,418,408,414,409,400,406,412,417,423,398,405,413
419,417,425,431,430,436,429,425,421,411,419,428,419,415,410,413,415,406,405,414,414,404,404,406,422,422,440
445,419,425,440,445,442,434,436,441,444,439,439,461,454,456,451,457,463,459,445,447,453,459,455,452,455,446
449,439,432,429,430,434,438,436,444,452,451,455,452,460,471,476,476,471,472,480,473,473,477,470,486,466,465
463,461,469,481,474,468,460,456,459,460,460,474,473,456,443,429,416,406,428,447,437,448,426,424,432,428,442
454,458,453,457,452,459,466,478,482,478,473,467,452,443,451,442,445,443,446,430,416,412,417,431,441,449,452
442,450,446,452,458,462,455,441,439,437,424,418,437,436,426,406,395,372,387,391,399,429,422,426,443,447,440
432,426,424,439,432,436,431,435,445,454,454,450,441,429,442,456,454,462,454,451,459,461,462,456,449,451,433
423,424,444,433,448,432,443,439,427,444,443,433,438,430,427,400,406,408,415,410,424,420,428,419,412,402,398
403,389,386,389,402,404,396,400,412,421,420,415,414,421,408,427,450,456,447,438,422,410,409,428,433,425,415
398,387,381,416,447,443,439,418,420,434,424,444,470,472,473,463,456,435,450,449,449,445,454,449,420,418,420
437,439,447,446,422,408,413,416,423,441,462,465,440,434,434,445,457,449,465,473,461,428,423,423,427,459,465
473,466,459,447,456,469,476,478,478,477,470,467,459,448,442,456,454,458,451,446,438,446,448,450,469,477,479
471,463,464,463,458,466,460,462,444,440,455,456,454,465,460,459,455,458,457,443,455,453,461,450,435,425,426
433,427,439,442,419,412,424,437,447,455,463,462,462,445,436,452,452,453,464,462,465,446,432,436,439,444,433
444,425,417,430,446,438,444,452,454,454,438,415,416,425,433,453,456,462,454,440,452,466,462,475,478,482,487
484,471,484,482,475,472,466,441,439,441,444,436,445,445,423,421,396,409,437,443,439,466,470,461,462,452,454
454,469,470,464,466,465,446,443,424,442,432,424,411,422,418,410,403,402,400,377,365,376,385,397,418,414,418
419,427,431,445,437,454,459,448,450,441,433,443,447,428,426,426,433,416,400,405,410,435,421,421,392,398,411
413,424,410,409,408,393,402,404,408,415,417,394,411,410,411,409,419,426,425,430,430,432,420,412,421,428,422
411,408,410,401,406,410,408,402,405,408,428,423,431,441,449,432,424,436,445,447,432,430,448,443,440,454,458
452,447,462,462,456,450,440,457,465,466,456,456,458,449,452,445,441,440,433,433,437,439,440,454,453,452,454
464,487,482,476,482,481,468,476,484,478,478,485,471,468,460,460,471,485,486,486,474,464,467,464,470,474,478
472,432,424,421,437,435,439,454,438,430,436,437,432,448,454,459,463,461,462,463,457,478,492,487,470,466,459
447,445,445,441,430,426,410,407,411,420,438,436,452,455,439,444,435,443,449,457,465,452,439,422,418,412,425
440,417,392,387,386,396,415,430,432,428,424,442,448,444,433,431,426,433,420,438,432,436,439,449,460,450,436
441,448,448,452,440,440,410,411,421,423,421,427,432,415,419,417,410,411,414,411,404,414,424,417,419,409,417
408,418,404,389,389,393,405,398,395,396,417,424,422,412,417,414,415,434,447,450,445,422,416,411,429,432,432
424,392,389,374,428,442,456,449,445,429,429,422,452,461,470,471,470,459,450,449,459,457,455,449,446,428,424
430,443,441,444,438,421,419,409,413,424,431,449,465,459,440,442,442,448,458,461,479,472,442,437,438,439,438
474,483,476,472,450,454,470,475,481,485,482,475,464,465,454,459,450,461,461,464,456,440,448,457,455,469,474
480,469,472,469,468,466,462,468,470,467,451,451,463,469,471,475,472,461,464,467,463,465,460,460,461,456,432
428,442,442,436,456,447,417,419,432,448,454,458,466,473,466,443,447,455,459,457,468,456,456,437,440,443,444
442,444,441,420,441,444,451,440,459,462,459,465,416,415,434,435,450,462,465,468,457,459,468,472,486,484,486
488,486,460,484,494,486,485,475,470,444,444,451,445,454,454,448,426,419,408,425,439,447,463,468,461,466,468
464,448,441,438,418,425,418,412,383,375,360,377,398,409,422,416,417,415,426,430,435,441,447,460,438,447,442
435,447,448,435,426,435,403,400,399,411,430,435,417,398,403,403,411,416,421,420,403,403,395,392,402,410,416
408,390,405,401,403,414,421,414,419,419,420,424,404,404,420,421,412,398,398,407,401,396,401,412,400,405,406
419,415,433,437,425,420,429,444,445,430,419,427,439,443,436,451,458,451,452,445,457,463,458,452,456,459,469
459,458,460,457,447,439,431,435,436,436,436,443,451,448,454,454,454,464,468,480,477,479,486,479,470,477,471
480,482,472,471,458,466,477,480,481,476,469,471,465,458,466,474,474,471,450,428,420,409,439,434,456,437,434
435,428,431,455,449,458,455,459,459,461,466,477,482,472,468,462,455,445,447,451,444,445,426,422,402,409,417
435,441,447,437,440,441,446,446,453,459,458,448,423,424,417,412,418,423,426,396,389,372,378,389,419,418,422
416,431,440,435,421,412,433,418,431,432,417,427,446,454,459,444,433,436,425,449,446,456,449,452,454,459,456
445,441,408,417,442,431,437,445,431,438,424,426,440,431,415,417,418,409,403,409,412,403,418,418,427,417,404
416,403,413,396,382,382,397,404,395,396,402,414,420,409,419,425,411,419,429,450,449,435,417,411,407,419,433
429,413,390,384,399,434,443,457,445,444,420,424,437,449,462,472,477,468,458,442,449,453,451,450,449,442,431
423,424,438,433,449,436,425,420,414,423,429,433,463,464,457,436,444,442,451,459,457,478,471,440,434,440,445
443,483,484,480,468,458,456,474,481,488,491,484,470,466,468,457,461,453,463,461,459,449,445,456,460,465,478
482,482,467,476,473,466,467,474,477,474,470,455,470,470,472,483,474,477,467,467,467,459,467,460,470,463,457
428,442,443,443,451,457,446,421,423,441,451,458,470,470,469,466,447,454,464,467,465,467,461,462,441,442,445
450,433,451,449,420,440,445,450,445,459,469,464,432,413,415,433,439,450,466,462,463,449,459,468,470,488,488
491,495,485,462,486,488,485,487,481,469,443,449,454,450,456,452,442,428,416,396,426,449,451,469,462,461,469
468,457,451,462,460,457,466,466,485,481,450,449,443,429,423,420,406,423,416,421,408,407,402,374,373,377,387
401,413,406,412,418,422,432,439,442,443,454,455,439,435,433,441,439,443,433,424,424,402,399,404,426,425,420
417,384,400,405,417,420,403,403,402,389,378,390,405,407,408,387,386,403,405,402,397,419,416,413,420,423,415
403,415,420,414,396,402,401,402,398,406,409,404,400,403,415,418,416,431,439,440,423,438,442,444,432,426,439
442,439,450,457,451,450,454,460,459,455,448,442,462,468,455,460,452,451,450,444,443,432,433,438,435,437,442
450,456,453,451,467,479,478,476,481,484,479,465,481,469,479,488,480,476,470,461,461,477,486,479,466,465,462
464,473,474,472,442,419,422,406,424,439,441,451,434,430,438,435,434,444,462,454,447,455,463,469,469,481,485
478,463,462,444,447,445,441,437,438,428,420,407,412,427,442,438,444,450,434,441,447,442,446,454,459,438,424
424,416,421,430,428,392,387,374,378,387,400,414,421,424,425,439,441,444,436,428,423,430,420,438,428,436,438
462,459,434,433,435,448,447,457,449,447,448,448,456,453,452,451,443,412,418,423,446,439,446,435,427,434,444
437,431,428,420,405,406,413,391,421,425,418,419,419,410,416,395,402,409,397,387,383,405,405,396,406,415,418
409,417,419,405,436,457,452,448,428,424,417,416,432,444,441,434,408,392,378,377,407,450,452,443,427,428,426
440,468,474,475,459,441,448,455,455,454,452,451,448,426,426,425,429,437,435,443,452,430,420,423,434,442,467
473,451,445,450,461,467,466,484,478,464,439,433,440,441,444,480,483,484,475,469,467,461,484,478,489,480,476
465,466,453,459,468,462,457,454,444,446,455,462,460,477,481,481,486,474,478,475,469,466,476,476,461,450,462
467,468,474,475,465,465,468,451,455,460,460,461,457,447,426,438,448,445,438,440,450,439,412,420,445,451,465
462,465,451,435,457,461,462,465,465,462,450,434,441,448,453,445,439,445,434,420,431,447,446,439,449,453,438
415,410,426,435,466,468,468,455,443,466,465,468,492,490,486,487,496,481,462,480,486,482,479,475,437,437,451
443,458,446,443,409,400,427,446,443,449,474,475,458,462,469,456,457,451,465,462,465,464,454,445,437,447,440
434,418,420,416,417,403,402,380,375,369,376,391,410,413,416,416,419,420,419,429,433,438,449,453,441,435,436
436,446,435,425,425,432,412,404,407,419,431,426,407,406,389,398,414,415,417,409,398,403,372,392,401,412,409
397,393,406,404,408,412,417,419,419,420,422,424,402,415,420,422,414,401,413,409,402,401,412,408,407,410,413
421,418,443,448,426,425,448,446,442,429,423,435,446,440,448,460,468,460,459,459,463,458,460,452,465,467,467
461,465,453,450,446,441,437,438,440,444,440,445,454,456,459,456,459,465,481,488,478,486,484,478,480,481,476
487,475,472,465,470,477,485,488,480,473,475,469,470,467,475,477,476,455,437,427,425,423,439,439,442,428,436
437,432,441,461,456,458,462,468,466,470,469,488,476,472,466,460,444,434,453,445,441,447,431,422,406,417,441
445,448,451,440,451,447,455,455,461,463,461,438,428,428,413,419,433,431,425,401,396,380,390,399,418,419,429
426,447,440,433,430,425,439,423,442,440,430,448,462,459,458,440,444,435,450,459,455,452,451,449,467,460,455
470,440,434,436,430,426,431,421,429,421,438,438,444,442,444,447,443,447,438,431,436,436,437,436,424,414,407
413,409,430,432,423,418,416,413,396,405,410,402,387,385,391,402,398,395,397,414,423,414,416,416,406,428,454
457,442,422,420,416,432,440,449,437,419,393,390,392,430,450,459,447,442,432,428,423,449,464,475,471,465,447
446,457,456,457,455,451,438,425,426,430,452,440,454,445,426,425,417,426,428,430,449,461,460,441,445,453,462
453,478,468,437,424,432,438,439,466,475,479,472,463,448,451,472,476,480,488,483,475,464,467,457,446,460,459
462,452,441,445,457,455,465,477,479,480,468,475,469,469,469,464,479,476,468,453,461,470,473,469,472,465,468
468,452,462,459,471,460,454,432,429,442,446,446,451,453,446,419,416,430,443,450,460,470,469,466,444,457,459
462,465,461,453,434,445,444,452,448,437,451,448,424,435,440,451,445,452,455,461,462,411,411,417,446,465,468
470,443,455,469,474,493,497,490,488,497,486,462,489,499,497,488,485,470,443,445,450,450,456,459,438,426,410
415,454,457,478,477,470,469,472,463,461,463,464,469,464,470,472,454,448,445,436,448,434,433,426,414,416,415
404,388,379,371,387,396,408,417,416,412,416,414,424,430,431,435,445,448,461,443,437,434,437,444,428,430,426
435,401,405,413,425,416,403,390,387,402,413,421,415,395,406,399,371,388,398,402,406,398,389,401,411,402,404
408,424,426,432,429,416,408,412,423,427,416,407,414,406,404,399,409,412,404,406,408,422,418,425,449,448,424
423,450,442,434,439,452,454,444,446,460,465,460,461,464,470,461,460,451,455,470,465,461,462,464,454,450,450
440,437,440,439,443,449,455,458,458,456,462,465,489,482,478,488,488,479,470,478,485,486,495,486,472,467,468
482,493,485,476,472,470,469,467,478,477,479,464,423,431,416,423,443,438,449,452,425,440,435,435,457,453,453
458,468,467,469,492,490,482,473,474,473,449,433,450,444,445,446,430,419,409,406,409,442,432,444,435,446,452
447,453,459,459,440,430,433,434,422,425,433,431,409,398,381,386,396,400,418,425,422,429,448,447,440,431,437
428,428,440,441,440,442,467,463,464,440,440,439,459,453,467,458,450,462,460,467,469,469,469,452,458,463,466
467,463,436,447,446,447,436,443,440,447,443,428,443,436,434,434,429,427,413,402,409,409,426,437,423,418,419
416,404,411,404,392,380,392,406,403,398,395,409,423,413,413,417,412,400,418,443,454,444,431,425,416,422,436
450,432,399,391,384,418,447,457,455,445,425,427,432,448,459,474,481,479,469,460,441,458,456,460,460,452,446
430,430,437,453,451,454,437,429,415,422,429,434,462,460,461,437,444,448,448,465,461,481,471,443,425,432,437
439,476,479,478,463,452,453,457,483,479,485,484,467,469,466,466,457,462,462,460,465,452,447,445,463,460,461
479,479,480,475,473,475,468,464,474,473,469,459,464,461,462,464,477,469,468,464,471,452,464,467,472,472,460
446,439,443,449,448,453,449,436,421,429,446,452,475,470,472,469,459,443,458,465,464,464,468,463,436,442,445
451,444,454,453,431,432,438,452,451,446,457,461,442,425,411,418,434,444,470,472,473,453,450,469,475,488,500
495,499,494,476,490,496,500,487,485,483,460,445,459,450,460,464,454,447,441,419,422,453,457,471,481,471,470
474,462,465,459,475,478,468,464,473,474,451,449,442,450,451,439,436,423,420,424,417,410,411,407,378,380,376
389,408,417,415,415,418,421,424,432,431,433,446,461,437,437,436,430,437,443,431,429,427,429,400,405,417,427
421,401,392,382,412,416,415,401,391,398,396,370,397,399,408,412,397,385,403,410,407,413,417,424,429,434,427
424,408,414,423,416,407,415,410,403,405,398,410,404,401,405,416,423,424,424,438,448,428,424,445,447,439,436
450,453,443,450,470,465,460,460,463,469,458,460,455,467,466,469,462,463,464,457,456,447,442,443,439,439,440
441,452,455,454,461,470,481,490,481,485,485,488,470,481,485,475,486,492,482,473,465,471,477,486,481,477,472
472,467,469,476,477,468,440,427,430,416,420,443,451,452,430,441,441,441,439,446,462,459,465,463,476,472,466
490,482,473,471,464,436,454,448,445,438,440,429,410,405,411,434,439,435,446,452,433,452,447,455,463,463,459
440,430,429,417,437,424,423,409,394,375,385,391,416,416,419,433,429,448,452,442,430,431,421,438,435,443,437
440,462,465,468,444,442,450,458,461,463,462,450,462,445,446,443,423,424,430,429,423,432,412,436,429,429,429
416,412,409,414,407,428,433,427,441,433,419,417,410,417,410,398,395,394,403,408,402,407,420,429,423,419,424
415,433,449,455,434,416,421,418,414,435,441,441,419,395,390,380,404,437,453,462,448,426,433,428,459,469,477
476,461,443,452,454,459,453,452,461,449,427,424,429,445,446,449,454,442,432,426,420,430,436,458,468,464,443
447,458,466,463,483,471,438,438,436,444,447,448,487,485,487,482,467,456,456,484,485,497,494,482,476,473,464
468,471,465,468,456,447,457,467,467,469,476,483,486,473,476,472,476,473,476,475,482,473,463,471,472,476,481
479,474,470,471,462,469,463,471,481,467,459,432,442,446,445,442,457,461,453,426,423,451,458,473,480,480,468
448,465,467,475,475,464,465,443,441,448,456,458,443,459,453,426,436,446,450,457,446,464,469,463,422,423,439
442,471,469,473,453,466,469,479,479,497,497,498,507,491,470,488,502,502,493,494,490,444,450,462,457,467,461
456,423,415,433,464,465,484,491,478,477,478,478,461,468,468,467,445,453,461,430,442,426,427,412,416,380,368
383,402,408,419,416,423,412,423,425,433,436,434,449,463,442,440,441,436,444,441,440,424,426,432,400,404,410
430,415,413,393,384,408,413,413,409,395,401,401,381,393,402,404,411,400,394,397,405,403,406,414,419,429,432
426,411,414,415,424,418,410,408,414,406,408,402,416,411,405,412,416,424,426,425,444,448,436,425,448,446,442
432,451,452,447,459,469,462,461,458,465,470,462,457,449,463,464,463,459,460,460,456,449,446,438,439,434,435
435,443,449,450,453,464,469,476,490,489,474,478,479,468,477,481,475,486,492,479,472,466,468,475,490,479,478
468,464,466,466,479,481,466,451,426,432,415,420,441,452,451,434,435,442,437,434,448,453,461,464,471,469,470
475,494,486,474,466,461,433,456,452,447,442,446,423,410,407,410,437,447,439,444,453,450,452,447,455,459,459
464,427,429,430,421,433,427,429,397,398,380,384,397,410,425,423,434,431,449,448,443,434,433,427,425,438,444
433,440,464,465,449,447,450,453,463,454,459,462,452,467,473,472,455,466,463,463,451,465,465,471,448,438,440
430,470,472,446,435,443,449,434,436,431,437,443,434,432,425,423,415,405,412,410,408,436,427,435,419,410,402
406,406,393,394,401,414,410,403,405,412,424,427,420,428,420,415,436,451,458,446,441,420,422,419,445,450,435
428,390,381,383,447,458,449,445,427,431,430,437,462,474,478,473,462,454,451,454,458,456,452,452,439,424,424
426,453,445,452,433,428,419,430,429,437,455,465,469,451,446,451,460,472,463,477,488,449,437,436,447,448,475
488,486,481,472,459,478,488,489,495,494,485,476,473,469,467,456,466,459,468,461,464,452,467,468,473,485,489
488,478,476,472,479,475,483,480,475,453,460,473,475,483,476,480,469,471,475,469,460,465,468,482,461,436,439
445,451,443,457,459,427,426,440,455,457,469,475,479,476,455,452,468,469,464,478,473,463,450,442,456,459,456
443,454,429,426,437,456,444,453,463,470,467,443,418,427,443,455,476,472,476,468,452,464,480,478,500,499,498
506,470,489,497,497,497,494,480,446,450,464,459,469,465,459,445,434,407,421,456,460,487,495,482,476,481,463
462,472,476,478,477,476,499,499,496,463,462,461,445,437,423,427,422,429,429,420,416,402,384,382,387,399,403
413,409,422,412,429,436,443,434,442,448,459,456,447,436,439,438,441,434,431,426,437,402,408,411,427,415,422
399,390,409,416,412,398,395,398,384,372,395,399,418,410,401,398,407,411,406,402,414,420,428,428,425,423,413
412,427,416,406,413,406,404,398,408,417,403,400,411,422,423,423,434,445,449,438,424,449,448,438,434,451,454
445,456,470,468,460,464,470,467,462,459,449,463,470,457,460,457,457,456,445,446,444,439,436,440,440,442,452
449,459,467,470,483,492,483,479,485,477,472,481,473,480,488,483,472,471,465,466,479,488,486,479,468,467,470
469,477,471,466,428,428,411,414,437,436,449,445,431,437,440,434,448,459,455,459,458,465,471,468,481,492,483
474,465,465,441,452,443,435,440,433,426,410,405,424,445,434,445,452,444,443,448,438,454,456,462,456,424,423
429,419,427,425,396,391,375,382,384,395,398,423,431,426,446,450,446,441,432,432,426,416,436,434,431,436,445
462,445,444,442,460,450,454,453,450,449,460,463,458,441,441,422,423,420,430,436,430,453,433,421,436,438,436
425,423,417,407,410,403,407,431,427,425,428,429,414,400,405,414,402,392,386,390,404,404,402,405,427,425,414
423,416,427,434,452,446,432,419,421,425,415,432,442,433,417,394,390,379,407,441,451,449,431,429,427,451,461
474,483,481,468,456,457,460,459,459,453,462,454,428,425,427,440,436,446,451,435,432,418,431,431,461,466,471
456,454,454,461,462,486,482,475,444,447,433,447,451,483,487,490,483,483,469,461,463,487,498,497,482,479,478
475,468,463,469,465,465,457,449,456,472,468,468,489,490,492,477,476,472,475,476,473,483,487,477,464,472,477
471,482,482,476,477,462,464,469,464,479,481,472,436,439,450,452,448,456,459,461,455,425,446,453,478,474,477
477,454,461,466,476,475,475,470,467,445,451,451,461,455,446,459,455,431,437,443,452,448,464,467,460,435,426
424,448,467,482,476,463,458,473,479,482,482,504,498,502,503,495,471,488,498,499,493,490,473,450,463,457,465
468,455,448,430,426,458,467,470,488,491,478,476,485,469,469,466,476,476,480,478,474,469,477,477,472,438,434
433,418,411,382,384,390,395,405,391,380,373,385,378,378,376,389,391,392,390,397,401,421,424,429,423,421,439
448,433,436,431,435,438,426,421,421,426,409,399,401,418,420,413,412,410,383,387,403,411,410,395,395,389,369
385,406,411,402,387,400,404,401,398,408,414,414,421,424,424,414,407,407,413,419,417,401,410,401,395,396,407
398,409,406,420,421,423,437,439,435,420,436,444,430,427,430,446,445,443,438,452,454,459,454,459,460,452,452
442,458,461,454,453,456,451,442,442,439,428,424,427,429,436,428,444,444,453,443,453,461,480,480,466,474,473
468,480,468,483,482,468,467,454,461,466,474,483,476,471,472,465,468,468,477,475,472,447,427,423,411,439,434
439,434,432,434,428,432,449,447,459,459,463,463,465,463,470,483,487,474,468,464,466,437,447,442,437,432,427
411,410,428,445,445,455,449,444,451,443,446,456,468,464,459,422,426,433,423,420,432,437,402,396,382,389,395
401,420,427,428,452,454,445,432,430,425,432,423,440,430,448,444,450,463,466,444,440,431,457,452,457,448,458
462,452,415,426,429,399,406,441,438,429,431,419,421,406,403,409,410,400,427,432,425,438,421,412,403,408,419
400,390,398,414,398,404,408,420,427,422,420,429,414,432,452,461,453,448,432,422,420,439,434,441,423,400,392
382,420,451,457,450,431,428,435,442,457,470,479,487,471,460,451,453,455,455,453,452,448,433,422,424,436,441
440,441,430,425,425,428,432,451,463,466,466,443,446,453,467,461,473,480,475,448,440,444,447,447,485,486,483
480,459,464,473,489,493,488,480,473,474,470,458,456,464,465,469,460,461,447,457,469,465,467,484,492,484,477
475,477,478,471,485,481,454,457,466,472,479,482,482,477,474,478,477,464,470,462,472,475,471,444,452,455,450
447,467,458,428,428,453,459,471,479,481,481,474,457,457,471,466,478,475,471,465,460,449,451,455,441,460,455
432,446,439,459,458,469,478,473,451,419,425,436,461,480,478,481,474,456,462,471,481,498,504,503,511,499,469
488,499,501,503,480,453,456,465,460,459,465,462,446,427,400,415,451,450,460,478,480,470,470,472,462,463,469
